domestic_market_contract_blow_molding_low,spotexport_blow_molding,spot_domestic,wtisplc,mcoilbrenteu,gasregm,impch,expch,prubbusdm,wpufd4111,pcu325211325211,pcu32611332611301,wpu0915021625,pcu3252132521,mhhngsp,wpu072205011,pcu32611132611115,pcu32611332611301.1,pcu32611132611112,wpu0915021622,producer_price_index_by_industry_plastics_material_and_resins_manufacturing_thermoplastic_resins_and_plastics_materials,australia__export,canada_export,saudi_export,usa_export,india_export,russia_export,south_africa_export,turkey,brazil,france_export,germeny_export,united_kingdome_export,china_export,australia__import,canada_import,saudi_import,usa_import,india_import,russia_import,south_africa_import,turkey_import,brazil_import,france_import,germeny_import,united_kingdome_import,china_import,japan_import,south_korea_import
89,69.0,,86.33,110.22,3.639,37374.13652,8421.642066,212.1130042,195.7,276.6,0.0,,177.1,4.06,,,,,,248.9,"3,70,258","104,977,640.00",,"224,802,697.00","15,671,545.00",,"1,886,443.00","2,117,414.00","55,051,122.00","53,898,225.00","121,868,585.00","35,444,421.00","10,090,672.00","21,086,684.00","46,509,860.00",,"103,029,778.00","28,812,657.00",,"9,899,792.00","70,553,341.00","42,233,002.00","64,807,382.00","134,318,266.00","82,227,098.00","449,618,097.00","19,029,817.00",
37,,,25.88,25.62,1.522,9927.8,1427.8,26.29215102,142.9,150.6,128.1,,,2.19,,,128.1,,,128.7,,,,,,,,"92,861.00","10,686,142.00","22,582,141.00",,,,,,,,,,,"7,197,293.00","4,766,760.00","30,855,934.00",,,,,
75,,,61.63,60.21,2.28,17905.35347,4072.245086,93.3664305,153.8,236.4,212.2,,141.7,7.54,,,212.2,,,211.5,,,,,,,,"231,385.00","23,212,416.00","45,263,401.00",,,,,,,,,,,"39,126,025.00","9,993,670.00","56,267,853.00",,,,,
67,55.0,53.0,47.82,55.89,2.464,41136.91753,9886.519164,78.71692586,208.9,274.0,226.3,106.2,167.8,2.83,100.1,128.5,226.3,121.3,106.8,241.2,,"143,420,181.00","39,36,52,269","227,732,795.00","7,532,896.00","17,859,766.00","3,274,228.00","1,059,460.00","35,105,768.00","41,562,519.00","116,094,692.00","35,061,092.00",,"13,326,422.00","47,387,103.00","10,874,862.00","136,598,107.00","71,928,350.00","20,422,733.00","15,302,192.00",,,"59,379,366.00","97,936,946.00","51,772,432.00",,"16,616,791.00",
92,67.0,67.5,102.25,119.33,3.579,28105.18642,8785.662778,181.551642,196.7,279.6,0.0,101.9,176.1,2.51,,,,,99.6,249.3,"10,62,235","121,228,819.00",,"209,616,486.00","29,475,366.00",,"1,646,831.00","1,277,360.00","40,059,427.00","48,061,305.00","139,938,790.00","36,935,967.00","16,225,620.00","26,868,501.00","44,270,659.00",,"113,710,379.00","41,952,169.00",,"6,123,759.00","95,227,992.00","36,137,630.00","87,386,757.00","134,369,637.00","68,945,543.00","509,436,617.00","12,923,496.00",
93,68.5,,96.29,113.83,3.68,34374.83079,7867.005088,223.8027415,192.4,281.9,0.0,,178.5,4.54,,,,,,255.4,"3,54,349","124,512,340.00",,"185,627,732.00","27,232,094.00",,"1,505,076.00","2,448,656.00","67,363,990.00","61,244,277.00","144,829,326.00","38,260,684.00","35,583,339.00","24,338,800.00","42,586,541.00",,"122,484,723.00","42,870,979.00",,"11,342,160.00","92,042,265.00","40,090,378.00","87,716,355.00","153,563,921.00","82,933,479.00","339,127,885.00","15,615,830.00",
80,43.0,53.0,54.95,63.96,2.309,33027.7581,8083.567641,73.90095772,208.9,275.8,223.7,104.8,169.3,2.69,101.5,130.0,223.7,125.7,110.7,241.3,,"114,893,274.00",,"295,477,141.00","58,469,172.00","11,945,694.00","1,812,408.00","4,907,958.00","29,367,982.00","32,396,289.00","122,338,709.00","41,069,648.00","12,412,380.00",,"43,595,424.00",,"119,173,602.00","49,418,362.00","29,915,027.00","8,008,851.00",,,"62,794,323.00","111,729,748.00","72,098,658.00","579,896,766.00","21,618,332.00",
47,,,31.83,29.8,1.633,8541.7,1335.6,30.38665507,137.6,167.0,105.6,,,4.29,,,105.6,,,155.9,,,,,,,,"312,225.00","15,501,421.00","30,785,727.00",,,,,,,,,,,"7,718,634.00","4,867,275.00","38,759,239.00",,,,,
107,79.0,75.5,93.21,97.09,3.406,45102.77541,9313.967699,74.58923038,214.7,305.0,238.4,107.9,187.0,3.92,104.8,130.8,238.4,125.9,110.9,277.1,,"144,222,313.00",,"223,372,229.00","2,411,127.00","11,134,368.00","3,421,245.00","2,184,973.00","56,900,112.00","59,135,965.00","141,735,112.00","43,977,995.00",,"26,117,743.00","52,991,689.00",,"137,676,016.00","87,767,486.00","78,709,398.00","15,416,900.00",,,"69,783,270.00","138,313,800.00","65,465,568.00",,"27,986,814.00",
67,48.0,53.0,52.5,54.58,2.349,41335.5534,9955.522802,115.897763,202.5,260.1,216.9,102.6,160.6,3.3,97.6,125.5,216.9,120.6,106.2,229.3,,"116,807,110.00","42,27,19,728","256,557,083.00","25,778,286.00","16,477,444.00","1,546,598.00","1,521,385.00","35,359,923.00","48,212,269.00","115,097,049.00","40,114,550.00","11,650,612.00",,"36,863,536.00","4,452,005.00","120,157,084.00","44,356,313.00","15,280,787.00","16,446,501.00",,,"64,221,191.00","105,207,291.00","54,171,558.00","569,240,915.00","13,749,434.00",
93,,,93.67,100.45,3.975,50348.83658,12906.7,73.30455845,262.981,362.99,303.837,143.702,221.903,8.81,135.466,178.92,303.837,161.653,141.973,329.278,,"123,065,609.00",,"453,122,670.00","5,476,717.00",,"3,683,749.00","19,783,404.00","23,870,136.00",,"136,630,959.00","32,000,512.00",,"33,591,399.00","61,120,653.00",,"142,831,470.00","120,324,617.00",,"19,310,108.00",,,,"144,131,334.00","81,872,550.00",,"26,097,012.00",
70,,,70.94,69.78,2.907,22317.63513,4434.090049,110.9790652,154.2,232.6,198.6,,139.4,6.25,,,198.6,,,206.1,,,,,,,,"439,445.00","31,941,485.00","55,900,429.00",,,,,,,,,,,"44,110,571.00","12,832,843.00","68,968,412.00",,,,,
49,,,28.29,27.11,1.679,14747.52542,2090.976796,50.15809775,148.0,166.2,143.9,,,4.62,,,143.9,,,150.9,,,,,,,,"154,102.00","13,601,401.00","26,953,240.00",,,,,,,,,,,"19,112,667.00","8,699,128.00","30,825,060.00",,,,,
72,55.0,62.25,52.0,54.77,2.334,38870.04182,13015.78183,104.398944,213.8,287.5,229.2,110.0,175.4,2.71,104.3,136.9,229.2,128.0,112.9,256.7,,"128,071,250.00",,"396,977,349.00","16,976,576.00","49,003,927.00","1,703,952.00","4,119,510.00","20,369,372.00",,"137,179,253.00","35,380,945.00","15,587,158.00","16,895,408.00","35,995,556.00",,"128,562,377.00","86,194,873.00","14,564,316.00","12,083,334.00",,,,"98,245,960.00","48,169,995.00","626,345,456.00","15,713,303.00",
81,58.5,,81.9,82.67,2.801,35083.29944,9417.288527,178.0244171,182.1,254.1,0.0,,158.3,3.43,,,,,,227.7,"19,08,958","75,334,113.00",,"179,872,991.00",,,"1,313,264.00","483,539.00","38,308,066.00","50,338,477.00","118,198,168.00","34,911,751.00","3,570,572.00","4,759,560.00","33,910,609.00",,"71,918,421.00",,,"10,988,659.00","62,268,063.00","39,429,552.00","72,718,665.00","119,396,713.00","50,179,746.00","316,520,085.00","7,561,902.00",
85,69.0,,95.35,94.99,3.028,24095.88646,5698.054777,126.5524217,173.6,250.2,0.0,,150.9,8.54,,,,,,218.7,,,,,,,,"1,211,906.00","27,457,374.00","74,362,845.00","166,553,129.00",,,,,,,,,,"81,596,231.00","21,955,563.00","103,913,015.00","149,283,636.00",,,,
50,,,40.69,38.22,1.911,17562.09988,2618.793915,56.43991773,152.3,189.2,155.2,,113.5,5.93,,,155.2,,,169.3,,,,,,,,"87,145.00","18,396,794.00","30,868,452.00",,,,,,,,,,,"18,696,716.00","7,748,482.00","34,842,979.00",,,,,
62,41.0,,49.79,50.18,2.049,21920.59525,5161.442609,73.77070136,175.9,218.4,0.0,,134.4,3.5,,,,,,185.0,,,,,,,,"621,901.00","32,616,967.00","37,823,941.00","86,745,628.00",,,,,,,,,,"44,730,567.00","16,422,352.00","51,210,361.00","80,503,202.00",,,,
41,,,26.45,24.61,1.421,8975.3,1487.0,27.48412148,141.4,160.4,129.9,,,3.11,,,129.9,,,138.8,,,,,,,,"147,471.00","10,577,138.00","17,719,880.00",,,,,,,,,,,"7,950,217.00","4,074,732.00","24,798,042.00",,,,,
67,50.0,53.0,46.71,46.74,2.268,37513.72659,8541.963035,75.91849324,205.2,257.2,212.6,101.7,157.9,1.92,95.0,124.8,212.6,115.1,101.3,226.3,,"115,334,755.00","38,49,89,281","262,602,463.00","5,582,309.00","19,010,413.00","2,545,603.00","2,775,222.00","37,486,464.00","38,510,257.00","119,005,829.00","35,908,866.00","22,377,566.00","17,231,107.00","36,780,235.00","7,830,943.00","110,784,696.00","70,074,223.00","18,177,134.00","9,079,711.00",,,"71,155,541.00","114,302,311.00","52,887,870.00","476,777,911.00","16,254,198.00",
67,50.0,52.0,44.65,44.95,2.239,39438.85774,9129.666281,80.50366957,205.5,259.9,214.0,101.8,159.5,2.82,95.5,124.9,214.0,117.7,103.7,229.6,,"147,465,000.00","35,42,39,376","264,474,850.00","7,526,096.00","9,355,401.00","2,830,482.00","3,520,868.00","38,417,652.00","40,260,445.00","111,328,071.00","36,108,326.00","14,092,791.00","15,384,752.00","36,862,277.00","6,204,807.00","133,688,425.00","61,890,146.00","20,946,125.00","9,624,065.00",,,"63,983,566.00","116,641,134.00","55,046,776.00","469,843,345.00","15,127,786.00",
104,73.0,71.25,102.07,107.76,3.661,36450.2188,9031.900812,99.57876338,212.8,301.1,237.0,107.0,185.5,4.66,104.3,129.8,237.0,123.6,108.9,273.1,,"146,472,781.00",,"228,942,126.00","10,549,347.00","21,028,713.00","1,892,900.00","2,485,002.00","25,877,201.00","60,173,583.00","149,693,972.00","43,072,844.00",,"23,510,673.00","45,588,674.00",,"142,386,905.00","58,009,765.00","42,936,112.00","15,174,453.00",,,"79,754,619.00","153,332,579.00","70,131,533.00",,"26,940,858.00",
83,,,59.43,56.86,2.185,20485.953,4169.750104,76.21980853,157.5,241.2,209.1,,143.9,13.05,,,209.1,,,218.5,,,,,,,,"206,478.00","18,993,407.00","31,404,790.00",,,,,,,,,,,"27,268,920.00","9,103,203.00","50,733,324.00",,,,,
77,32.0,41.25,57.03,63.21,2.598,36172.91488,10103.19678,69.72371008,215.5,271.2,219.7,105.6,166.2,2.65,100.3,131.3,219.7,121.4,106.8,235.4,,"86,449,145.00",,"284,841,716.00","47,539,897.00","14,049,891.00","2,545,687.00","2,194,514.00","25,674,718.00","32,704,374.00","102,739,832.00","31,409,982.00","22,651,264.00",,"33,481,524.00",,"96,516,853.00","46,535,138.00","39,656,272.00","9,768,025.00",,,"43,070,443.00","94,972,711.00","77,403,311.00","654,140,232.00","21,282,890.00",
72,47.0,57.0,46.63,48.48,2.3,43561.11086,9954.063313,79.35283956,208.5,270.3,225.4,102.8,165.7,2.98,100.6,126.4,225.4,121.6,107.1,241.4,,"106,799,788.00","45,80,15,885","206,529,608.00","16,110,347.00","20,280,009.00","4,769,927.00","1,872,540.00","42,978,472.00","42,840,199.00","125,581,309.00","37,176,965.00","14,256,554.00",,"48,791,002.00","4,843,465.00","113,660,081.00","64,626,414.00","20,011,101.00","10,352,310.00",,,"64,167,132.00","124,143,946.00","61,919,098.00","529,235,726.00","25,848,326.00",
93,61.0,69.25,91.64,97.13,3.517,42259.97599,11593.98813,96.88996542,245.618,357.647,284.688,129.938,217.216,4.69,128.213,160.517,284.688,155.82,137.429,328.986,,"148,803,911.00",,"426,675,081.00","9,866,869.00",,"2,076,855.00","14,409,174.00","26,717,088.00",,"169,907,642.00","53,757,910.00","19,501,574.00","35,978,581.00","58,743,160.00",,"171,455,802.00","58,266,726.00",,"11,882,970.00",,,,"155,061,110.00","78,172,598.00","589,678,700.00","22,821,937.00",
108,92.0,97.0,72.49,75.17,3.136,40315.75173,11751.58666,84.92339248,227.059,371.402,275.777,124.856,224.263,3.84,125.006,154.144,275.777,146.07,128.732,353.336,,"185,225,434.00",,"346,149,667.00","30,853,674.00","81,565,735.00","3,099,196.00","11,656,741.00","32,150,107.00",,"166,706,783.00","47,806,818.00","23,270,330.00","26,230,273.00","78,317,866.00",,"213,337,303.00","69,870,419.00","30,966,580.00","12,447,950.00",,,,"156,467,384.00","86,365,913.00","599,625,837.00","18,309,838.00",
42,,,28.85,27.54,1.445,11455.0,1962.7,37.47859701,139.2,156.6,133.5,,,4.13,,,133.5,,,143.5,,,,,,,,"201,872.00","10,466,788.00","21,841,898.00",,,,,,,,,,,"8,479,216.00","6,258,335.00","23,825,383.00",,,,,
61,,,62.03,62.47,2.313,24109.18557,5015.788165,78.16718862,160.1,227.6,204.6,,137.5,6.73,,,204.6,,,196.2,,,,,,,,"315,187.00","58,978,178.00","42,674,674.00",,,,,,,,,,,"47,728,009.00","12,178,251.00","70,919,799.00",,,,,
80,44.0,53.5,49.52,57.36,2.366,45814.8585,9210.239622,64.43884111,212.9,282.2,224.9,106.6,173.0,4.04,101.9,132.2,224.9,126.7,111.4,248.7,,"110,489,685.00",,"295,953,327.00","44,477,407.00","17,092,528.00","968,981.00","7,231,218.00","36,202,803.00","25,745,806.00","74,584,907.00","32,207,825.00","16,089,982.00","14,438,022.00","43,610,111.00",,"113,118,355.00","57,986,337.00","30,937,001.00","8,848,720.00",,,"48,480,977.00","102,475,748.00","54,447,759.00","644,488,951.00","21,291,154.00",
95,70.0,66.5,106.19,125.45,3.852,31431.34893,9811.576526,178.2187159,197.3,283.4,0.0,103.0,179.4,2.17,,,,,100.2,253.4,"14,55,055","144,677,497.00",,"207,062,350.00","21,066,955.00",,"1,862,321.00","5,370,890.00","47,256,384.00","50,767,310.00","131,537,544.00","42,558,585.00","22,844,120.00","28,262,166.00","41,651,680.00",,"136,995,405.00","49,179,416.00",,"10,906,724.00","106,094,202.00","29,597,429.00","85,612,366.00","138,668,637.00","73,832,373.00","424,875,482.00","12,038,521.00",
82,57.0,62.0,56.64,62.71,2.564,48104.79342,12908.39423,70.26566524,207.7,278.8,235.0,105.3,170.2,3.01,105.7,128.6,235.0,123.9,109.1,251.6,,"109,996,678.00",,"174,785,643.00","25,221,198.00","13,101,988.00","1,577,269.00","7,594,834.00","35,202,130.00","42,491,924.00","143,158,520.00","30,851,084.00","19,093,203.00",,"48,460,796.00",,"134,169,935.00","54,300,018.00","36,354,941.00","11,687,525.00",,,"63,129,879.00","124,837,327.00","68,550,285.00","703,602,484.00","21,710,914.00",
103,87.0,92.5,71.38,73.16,3.064,39819.35372,12139.77256,97.06888262,230.6,362.9,268.6,123.0,219.0,3.26,122.4,152.0,268.6,146.2,128.3,342.7,,"149,432,679.00",,"359,259,049.00","37,141,561.00","93,056,212.00","1,784,753.00","10,878,306.00","29,989,327.00",,"182,075,184.00","53,030,684.00","28,528,027.00","29,190,815.00","70,133,358.00",,"166,868,551.00","60,442,447.00","28,548,067.00","19,365,186.00",,,,"141,571,856.00","93,522,573.00","576,458,525.00","17,057,304.00",
36,,,22.21,20.54,1.315,10808.3,1647.7,24.36993866,142.2,151.5,126.8,,,2.46,,,126.8,,,131.1,,,,,,,,"138,679.00","11,377,934.00","22,967,444.00",,,,,,,,,,,"10,653,296.00","4,299,570.00","25,328,014.00",,,,,
97,67.0,72.5,101.78,104.58,4.109,41772.20109,11201.69192,97.06672265,255.798,370.66,291.62,130.063,225.154,6.6,130.707,160.254,291.62,155.218,136.96,343.327,,"145,065,591.00",,"517,968,858.00","3,833,769.00",,"4,216,186.00","35,769,808.00","32,568,034.00",,"173,743,569.00","55,788,135.00",,"39,524,528.00","76,931,761.00",,"173,308,701.00","103,849,946.00",,"24,171,190.00",,,,"165,827,322.00","90,545,692.00",,"24,458,748.00",
80,43.5,52.0,58.15,66.14,2.516,31078.66293,10574.29249,77.75446454,210.5,273.9,223.7,104.5,168.2,2.95,101.8,129.6,223.7,124.5,109.7,239.7,,"138,285,411.00",,"314,866,355.00","58,777,728.00","16,532,734.00","1,339,761.00","3,790,184.00","26,997,797.00","35,719,908.00","127,625,316.00","38,212,128.00","21,043,957.00",,"43,877,085.00",,"135,591,295.00","56,968,605.00","40,958,262.00","7,889,495.00",,,"63,953,932.00","125,917,135.00","82,276,655.00","766,564,548.00","20,834,135.00",
46,,,28.64,28.31,1.702,7757.9,1596.0,27.51473477,142.3,167.6,133.6,,,4.19,,,133.6,,,144.3,,,,,,,,"368,022.00","11,568,411.00","21,735,421.00",,,,,,,,,,,"5,210,434.00","6,834,917.00","24,333,070.00",,,,,
84,63.0,,73.84,75.95,2.836,29052.43835,6755.285795,166.9113908,184.1,254.0,0.0,,157.5,4.14,,,,,,226.0,"13,21,791","95,454,363.00",,"161,234,089.00",,,"900,239.00","1,004,916.00","45,783,863.00","49,937,192.00","120,755,933.00","47,862,867.00","11,582,030.00","6,903,302.00","34,879,377.00",,"95,386,109.00",,,"10,712,552.00","76,412,339.00","25,345,608.00","64,211,298.00","116,711,339.00","62,448,243.00","356,495,250.00","3,975,382.00",
67,,,69.69,70.26,2.742,21459.06993,4232.404495,97.27180576,154.8,231.6,209.5,,138.9,7.16,,,209.5,,,204.0,,,,,,,,"198,426.00","22,826,896.00","39,634,613.00",,,,,,,,,,,"41,684,633.00","9,916,342.00","59,750,460.00",,,,,
93,65.5,63.5,93.05,108.47,3.711,27294.0672,9539.031339,135.0482169,203.6,290.9,0.0,102.0,180.6,3.81,,,,,100.8,261.9,,"143,256,927.00",,"257,114,654.00","17,808,432.00","28,912,818.00","1,224,013.00","1,991,935.00","33,475,473.00","45,215,618.00","132,784,896.00","46,170,028.00",,"26,845,005.00","40,046,676.00",,"138,082,347.00","52,966,106.00","55,688,584.00","11,264,763.00","120,896,658.00","34,100,712.00","74,172,048.00","130,969,923.00","67,074,146.00",,"12,902,417.00",
84,59.5,57.75,88.25,109.49,3.31,34857.57954,10308.63194,141.053787,202.3,276.3,0.0,101.1,172.3,3.34,,,,,99.7,244.7,"16,27,898","117,047,046.00",,"250,914,829.00","16,619,450.00",,"1,832,944.00","929,980.00","40,894,825.00","31,186,407.00","106,954,120.00","34,368,839.00",,"18,374,540.00","31,207,979.00",,"109,415,963.00","50,724,726.00",,"10,920,659.00","84,814,490.00","34,592,261.00","69,361,504.00","102,886,123.00","60,732,927.00",,"13,339,332.00",
96,68.5,,110.04,123.26,3.8,29580.28271,8000.503316,265.4924658,193.0,271.0,0.0,,170.0,4.24,,,,,,244.3,"1,70,305","116,488,589.00",,"227,556,039.00","31,024,430.00",,"1,669,460.00","2,281,587.00","41,242,100.00","51,395,900.00","142,767,256.00","49,584,801.00","35,204,390.00","24,425,255.00","47,481,431.00",,"116,801,286.00","25,234,581.00",,"8,078,978.00","108,283,943.00","44,602,181.00","94,409,607.00","143,864,504.00","90,222,543.00","376,037,238.00","11,994,232.00",
103,77.0,,116.61,113.24,3.779,31823.69789,6201.296378,132.7461249,181.3,274.4,0.0,,168.4,8.26,,,,,,249.4,,,,,,,,"775,188.00","42,514,108.00","69,786,210.00","150,949,705.00",,,,,,,,,,"63,802,023.00","16,450,092.00","80,376,612.00","155,720,956.00",,,,
47,,,28.78,27.74,1.487,7850.2,1526.3,31.20170203,138.2,167.5,106.3,,,3.59,,,106.3,,,155.6,,,,,,,,"211,953.00","16,762,995.00","28,413,226.00",,,,,,,,,,,"10,466,333.00","4,671,325.00","29,351,633.00",,,,,
85,70.0,,92.95,92.18,3.043,26193.03215,5556.708852,119.0062851,174.5,250.0,0.0,,150.6,7.99,,,,,,218.7,,,,,,,,"774,600.00","38,173,030.00","72,523,876.00","166,651,741.00",,,,,,,,,,"74,502,074.00","18,163,298.00","98,707,452.00","122,744,998.00",,,,
67,55.0,51.75,50.58,58.1,2.216,31563.98816,8754.588178,82.02723775,210.1,280.8,233.0,106.8,171.8,2.87,102.8,129.2,233.0,122.5,107.9,248.4,,"135,532,173.00","39,80,50,674","179,629,638.00","3,056,017.00","14,182,386.00","2,278,087.00","1,647,922.00","35,899,606.00","34,231,560.00","113,673,879.00","36,377,536.00",,"13,216,390.00","35,805,060.00","7,922,253.00","125,807,618.00","57,831,846.00","22,168,831.00","10,871,547.00",,,"53,741,196.00","103,060,265.00","47,523,979.00",,"18,204,662.00",
65,,,47.97,45.48,1.91,16937.59481,3058.089091,57.09267223,155.4,226.9,184.5,,135.2,6.14,,,184.5,,,202.2,,,,,,,,"146,505.00","19,726,721.00","28,169,404.00",,,,,,,,,,,"33,228,506.00","10,729,222.00","56,339,701.00",,,,,
61,,,64.97,63.98,2.486,22421.29235,3728.723847,72.55940212,154.0,217.1,174.3,,130.3,9.53,,,174.3,,,191.6,,,,,,,,"74,906.00","21,182,469.00","44,824,331.00",,,,,,,,,,,"33,993,346.00","11,065,986.00","37,524,028.00",,,,,
54,,,40.28,37.57,1.983,15067.11092,2835.052068,60.96288703,155.5,180.4,148.4,,108.7,6.33,,,148.4,,,164.3,,,,,,,,"82,929.00","9,833,014.00","26,591,305.00",,,,,,,,,,,"22,713,028.00","8,736,338.00","31,426,129.00",,,,,
55,,,58.7,57.52,2.29,21272.66946,3559.972145,76.73820043,154.4,218.7,177.2,,131.1,7.63,,,177.2,,,193.4,,,,,,,,"41,940.00","22,277,058.00","48,973,881.00",,,,,,,,,,,"37,983,826.00","12,860,207.00","47,333,256.00",,,,,
35,,,24.42,23.7,1.249,7259.0,1620.5,30.40607365,143.4,141.7,123.5,,,3.03,,,123.5,,,125.4,,,,,,,,"71,826.00","10,100,049.00","15,346,234.00",,,,,,,,,,,"9,220,901.00","4,516,975.00","16,660,244.00",,,,,
62,42.0,,47.98,46.54,1.959,21224.71351,5579.259023,64.9008982,173.8,222.0,0.0,,136.7,3.96,,,,,,189.0,,,,,,,,"1,124,209.00","36,156,155.00","35,174,511.00","93,685,189.00",,,,,,,,,,"42,791,545.00","22,789,274.00","57,178,501.00","84,561,401.00",,,,
63,47.5,54.0,37.19,38.01,2.038,37980.99742,10091.10532,56.59327533,206.1,261.2,216.3,102.9,160.2,1.93,97.1,125.0,216.3,115.9,102.1,228.2,,"122,286,331.00","33,75,78,784","251,975,816.00","11,290,183.00","19,410,890.00","2,048,386.00","5,338,441.00","27,482,387.00","41,502,280.00","94,474,467.00","27,199,149.00",,"15,644,184.00","29,884,496.00","8,000,860.00","112,152,199.00","57,005,026.00","25,126,526.00","5,594,933.00",,,"57,656,529.00","103,836,844.00","46,775,626.00",,"14,558,443.00",
81,58.0,54.75,87.93,102.62,3.439,37930.75521,8515.095501,139.6323918,198.1,277.0,0.0,100.6,173.7,2.95,,,,,102.1,245.0,"2,89,326","114,679,085.00",,"229,112,851.00","20,309,130.00",,"1,265,529.00","1,113,976.00","56,063,336.00","58,140,098.00","128,425,419.00","38,916,596.00","15,548,668.00","30,892,668.00","47,559,100.00",,"114,861,170.00","46,288,926.00",,"14,233,308.00","89,290,078.00","44,533,012.00","74,152,538.00","115,975,602.00","52,032,715.00","472,911,516.00","22,174,057.00",
98,87.0,87.5,65.17,68.53,2.985,38507.66009,12404.53071,105.4149922,226.1,350.3,255.9,120.4,211.5,2.91,117.3,149.2,255.9,142.2,124.3,329.8,,"137,577,168.00",,"373,388,552.00","23,252,642.00","76,637,032.00","3,219,061.00","13,657,195.00","28,509,586.00",,"163,369,013.00","54,713,918.00","56,455,376.00","22,526,210.00","68,907,927.00",,"151,723,024.00","76,151,600.00","27,936,825.00","23,782,419.00",,,,"151,467,079.00","70,926,561.00","638,384,723.00","16,472,774.00",
49,,,28.14,25.86,1.497,11884.70149,1984.318683,44.77168195,144.6,175.4,148.3,,,5.81,,,148.3,,,160.3,,,,,,,,"126,371.00","13,023,502.00","23,438,977.00",,,,,,,,,,,"11,059,751.00","8,619,179.00","25,731,260.00",,,,,
93,63.25,60.75,92.07,102.25,3.57,33131.92631,8953.954532,130.03684,201.8,289.4,0.0,103.6,179.9,4.17,,,,,101.7,260.2,,"114,377,025.00",,"231,470,121.00","11,024,788.00","32,058,101.00","1,879,246.00","1,106,185.00","48,403,337.00","54,099,246.00","145,113,215.00","34,962,401.00",,"26,296,856.00","38,965,833.00",,"112,665,077.00","46,428,213.00","52,956,277.00","16,318,608.00","102,529,506.00","51,791,071.00","73,099,449.00","136,514,235.00","69,255,136.00",,"17,013,992.00",
46,,,29.61,27.5,1.45,6375.6,1289.8,27.30040693,140.0,167.1,130.3,,,5.61,,,130.3,,,143.8,,,,,,,,"313,227.00","12,503,539.00","18,112,821.00",,,,,,,,,,,"5,519,078.00","4,899,089.00","35,739,831.00",,,,,
55,32.0,,41.02,39.95,1.687,25079.51498,5110.706195,55.35608424,177.7,227.1,0.0,,143.5,5.82,,,,,,191.2,,,,,,,,"674,999.00","19,641,681.00","29,594,681.00","70,949,585.00",,,,,,,,,,"32,211,043.00","21,313,467.00","49,225,256.00","65,210,245.00",,,,
86,51.0,58.0,70.75,81.03,2.86,52081.0705,9188.675374,64.43188671,206.4,291.4,233.7,107.1,179.0,3.28,105.2,132.8,233.7,126.3,111.1,260.8,,"109,716,872.00",,"343,522,055.00","45,661,348.00","15,487,931.00","2,022,871.00","7,725,116.00","42,631,592.00","5,766,231.00","130,280,737.00","43,253,658.00","18,956,297.00","22,251,076.00","56,271,095.00",,"117,183,571.00","69,745,174.00","30,877,425.00","13,708,255.00",,,"1,864,643.00","128,266,016.00","70,627,906.00","727,187,626.00","26,078,588.00",
90,,,76.44,80.92,3.21,,,,,,,,,5.53,137.79,177.399,310.296,151.405,133.72,291.825,,,,,,,,,,,,,,,,,,,,,,,,,,,,
47,,,25.74,22.76,1.465,7070.5,1227.5,31.93014834,137.3,164.3,106.9,,,3.04,,,106.9,,,151.4,,,,,,,,"73,178.00","14,097,518.00","24,713,057.00",,,,,,,,,,,"7,169,182.00","2,565,068.00","32,240,349.00",,,,,
90,65.5,,102.94,114.64,3.561,27599.66686,9563.728281,245.7822762,192.9,264.7,0.0,,165.8,3.97,,,,,,237.2,"4,55,041","117,732,187.00",,"247,459,897.00","29,703,823.00",,"3,445,025.00","1,197,254.00","50,907,517.00","63,989,947.00","153,061,917.00","62,262,526.00","29,873,315.00","16,037,911.00","46,965,133.00",,"115,912,878.00","32,457,153.00",,"9,567,845.00","110,517,632.00","45,690,663.00","95,408,490.00","154,836,836.00","103,658,888.00","487,203,025.00","6,285,154.00",
33,,,19.67,19.42,1.107,8415.4,1569.3,25.72743863,141.1,142.7,124.2,,,2.32,,,124.2,,,123.5,,,,,,,,"77,396.00","7,578,897.00","11,637,428.00",,,,,,,,,,,"6,426,317.00","6,489,722.00","17,219,948.00",,,,,
42,,,26.94,25.74,1.397,11213.2,1848.0,37.72126145,139.8,153.4,130.1,,,2.99,,,130.1,,,140.8,,,,,,,,"269,933.00","11,939,401.00","20,113,160.00",,,,,,,,,,,"7,501,663.00","10,679,978.00","22,372,054.00",,,,,
73,,,70.96,68.56,2.885,23989.6994,4302.905336,122.5564842,156.1,235.1,196.2,,140.8,6.21,,,196.2,,,209.8,,,,,,,,"453,024.00","28,608,230.00","65,982,171.00",,,,,,,,,,,"49,813,048.00","9,052,191.00","71,287,595.00",,,,,
96,72.0,,101.33,114.99,3.906,32788.07161,7849.159315,232.0740082,191.0,282.6,0.0,,177.5,4.31,,,,,,258.4,"66,597.00","118,399,936.00",,"228,619,121.00","23,693,565.00",,"2,158,497.00","2,759,467.00","48,624,901.00","61,289,514.00","156,527,653.00","54,723,246.00","45,946,755.00","25,702,893.00","43,163,340.00",,"119,335,197.00","31,993,874.00",,"10,240,296.00","98,137,919.00","42,804,067.00","97,545,636.00","167,591,258.00","95,489,308.00","368,617,023.00","14,155,462.00",
65,,,46.84,44.51,1.831,17885.84061,2609.326126,53.67138101,154.2,226.6,181.0,,134.9,6.15,,,181.0,,,201.5,,,,,,,,"163,215.00","24,200,797.00","42,181,003.00",,,,,,,,,,,"27,355,808.00","10,787,719.00","53,537,744.00",,,,,
54,,,45.95,43.2,1.87,18386.94575,2823.070552,56.41561811,152.7,203.8,164.3,,121.7,5.15,,,164.3,,,178.7,,,,,,,,"143,273.00","16,946,450.00","26,729,178.00",,,,,,,,,,,"24,983,730.00","9,982,316.00","41,099,136.00",,,,,
79,68.0,69.0,59.04,62.28,2.501,33871.464,9261.250069,105.2461548,216.3,300.4,233.0,109.9,182.4,5.35,105.7,136.4,233.0,128.0,113.0,271.7,,"139,813,483.00",,"339,375,158.00","13,548,987.00","77,610,320.00","2,076,096.00","9,241,435.00","15,252,470.00",,"144,495,847.00","39,089,565.00","9,676,959.00","22,433,283.00","41,060,728.00",,"136,076,768.00","74,579,462.00","16,355,781.00","10,573,406.00",,,,"116,133,820.00","65,344,887.00","474,365,708.00","14,489,459.00",
93,64.0,61.25,94.8,102.56,3.615,36617.62364,8752.827685,137.8036859,203.1,287.1,0.0,104.0,178.7,4.04,,,,,101.7,257.5,,"159,444,786.00",,"229,886,977.00","4,605,266.00","22,240,491.00","1,682,993.00","1,071,471.00","38,519,921.00","57,949,506.00","168,324,939.00","43,788,065.00",,"28,330,734.00","38,496,321.00",,"135,118,288.00","46,270,171.00","47,471,124.00","15,218,595.00","112,837,991.00","51,745,232.00","64,708,337.00","141,650,993.00","66,376,873.00",,"16,893,088.00",
50,,,31.09,28.75,1.512,14156.94796,3319.692649,57.31713402,150.1,166.2,144.9,,,4.47,,,144.9,,,152.5,,,,,,,,"70,052.00","13,918,960.00","20,865,264.00",,,,,,,,,,,"8,301,246.00","7,615,056.00","29,362,475.00",,,,,
38,,,27.47,25.68,1.421,10042.9,1929.7,26.60369046,142.6,155.6,127.3,,,2.97,,,127.3,,,134.1,,,,,,,,"28,593.00","11,075,284.00","21,043,470.00",,,,,,,,,,,"7,270,809.00","4,792,925.00","20,439,998.00",,,,,
83,60.0,61.0,62.23,65.32,2.587,38956.17396,9743.12115,78.40857432,204.9,278.0,236.8,107.2,169.9,2.67,106.3,132.4,236.8,126.6,111.9,247.3,,"103,909,175.00",,"265,599,511.00","8,717,652.00","16,535,335.00","1,327,675.00","4,593,585.00","35,562,374.00","46,452,301.00","156,836,460.00","38,870,675.00","8,487,342.00",,"47,817,916.00",,"105,149,496.00","58,767,700.00","23,471,291.00","13,058,392.00",,,"64,410,224.00","130,183,432.00","61,132,015.00","492,583,672.00","29,372,703.00",
62,46.0,52.25,40.94,42.69,2.108,44731.67656,14206.53347,110.1517981,215.6,273.6,222.4,108.3,167.0,2.61,101.3,134.7,222.4,124.9,110.6,240.0,,"113,705,840.00",,"296,936,173.00","13,866,269.00","39,368,436.00","1,658,047.00","3,702,979.00","20,086,691.00",,"126,247,456.00","35,064,924.00","15,106,682.00",,"39,909,408.00",,"122,155,237.00","49,718,025.00","16,785,409.00","10,151,536.00",,,,"91,535,329.00","65,492,640.00","731,555,101.00","14,330,418.00",
83,44.0,51.75,60.83,71.32,2.859,39023.88171,9070.662843,81.55168518,211.1,275.7,221.4,104.8,169.4,2.64,101.0,130.0,221.4,122.6,108.2,241.7,,"132,159,170.00",,"332,723,733.00","38,861,222.00","12,768,850.00","2,826,686.00","2,677,812.00","28,126,202.00","42,730,502.00","136,247,947.00","38,643,020.00","20,628,290.00",,"40,827,368.00",,"153,702,548.00","54,428,851.00","36,297,203.00","11,072,128.00",,,"63,381,019.00","124,104,748.00","64,557,934.00","750,845,421.00","22,193,056.00",
76,,,63.87,61.96,2.555,27570.61792,4461.009876,82.44051129,159.2,239.9,202.6,,143.7,4.9,,,202.6,,,213.8,,,,,,,,"253,817.00","35,794,704.00","52,666,856.00",,,,,,,,,,,"62,301,362.00","13,185,180.00","68,633,034.00",,,,,
51,,,36.69,33.59,1.798,14744.78415,2734.55386,62.98461542,152.7,179.1,148.6,,107.8,5.71,,,148.6,,,163.1,,,,,,,,"73,022.00","10,273,818.00","24,953,791.00",,,,,,,,,,,"17,922,288.00","6,275,118.00","34,928,246.00",,,,,
45,,,29.89,27.49,1.516,6424.1,1330.5,30.94191305,136.0,163.2,106.1,,,2.79,,,106.1,,,146.3,,,,,,,,"671,273.00","14,091,209.00","35,764,935.00",,,,,,,,,,,"6,721,125.00","4,692,701.00","45,144,561.00",,,,,
72,50.0,56.5,49.78,49.52,2.249,43798.09842,12600.00471,75.59881824,202.5,263.3,217.2,103.1,161.7,2.98,97.2,126.5,217.2,120.2,105.8,233.7,,"126,443,164.00","41,79,55,455","218,935,637.00","7,807,220.00","16,517,744.00","2,681,546.00","3,925,838.00","25,107,359.00","41,318,640.00","116,564,298.00","40,426,750.00","21,155,955.00","17,651,277.00","42,828,522.00","2,744,536.00","124,656,906.00","65,061,792.00","20,096,530.00","16,221,649.00",,,"64,954,405.00","103,727,849.00","53,703,246.00","421,169,052.00","16,189,378.00",
96,77.0,,103.9,97.23,3.703,33078.73063,5257.646643,128.7100807,181.5,269.5,0.0,,166.4,7.67,,,,,,240.3,,,,,,,,"2,744,319.00","49,162,289.00","74,569,999.00","168,068,025.00",,,,,,,,,,"64,060,948.00","25,830,838.00","104,058,924.00","148,774,375.00",,,,
86,64.0,61.5,89.57,111.71,3.746,40257.08352,10824.4314,145.3291064,200.9,276.9,0.0,100.7,173.0,3.32,,,,,99.2,245.5,"15,21,526","94,650,308.00",,"235,941,652.00","20,044,634.00",,"2,670,187.00","3,550,137.00","41,115,277.00","49,154,165.00","141,752,474.00","42,912,607.00","6,763,021.00","24,179,328.00","40,609,742.00",,"91,156,398.00","54,606,825.00",,"14,368,674.00","89,008,325.00","36,099,863.00","76,947,029.00","121,147,818.00","73,943,420.00",,"17,741,713.00",
67,57.0,,60.56,62.05,2.563,22723.04424,5425.393888,101.7233644,166.3,224.0,192.8,,135.6,7.11,,,192.8,,,193.3,,,,,,,,"1,110,651.00","45,371,182.00","69,269,410.00",,,,,,,,,,,"63,244,502.00","12,815,349.00","97,006,791.00",,,,,
42,,,34.4,32.55,1.517,9066.8,1450.4,28.74372874,138.2,164.3,141.8,,,5.52,,,141.8,,,143.7,,,,,,,,"134,679.00","15,852,411.00","21,189,657.00",,,,,,,,,,,"6,808,352.00","6,088,718.00","31,956,441.00",,,,,
100,71.0,66.5,93.86,107.79,3.243,40112.27957,13027.08259,112.9251948,204.6,291.3,231.9,105.4,179.4,3.64,102.4,127.6,231.9,119.4,105.1,262.7,,"137,747,946.00",,"199,087,434.00","13,198,168.00","24,645,279.00","1,437,322.00","4,471,580.00","54,568,777.00","45,960,156.00","105,219,911.00","40,097,406.00",,"23,848,930.00","38,439,232.00",,"123,781,074.00","34,774,820.00","30,633,686.00","13,588,098.00","81,325,681.00","43,635,104.00","69,108,363.00","128,926,691.00","74,037,723.00",,"16,874,802.00",
65,,,48.46,43.11,1.979,19678.99214,2938.175371,55.68419954,154.7,219.4,172.5,,130.6,6.17,,,172.5,,,190.2,,,,,,,,"185,890.00","20,802,018.00","34,030,543.00",,,,,,,,,,,"23,653,366.00","8,885,548.00","49,877,268.00",,,,,
47,,,30.72,27.65,1.493,12127.30143,2119.621137,46.08287963,145.2,171.3,143.9,,,5.82,,,143.9,,,156.0,,,,,,,,"51,677.00","12,463,600.00","29,504,918.00",,,,,,,,,,,"15,940,490.00","7,176,519.00","30,130,710.00",,,,,
49,,,27.24,24.5,1.409,7590.2,1855.8,26.01878515,141.1,169.3,131.9,,,5.23,,,131.9,,,146.2,,,,,,,,"131,038.00","19,016,793.00","21,690,658.00",,,,,,,,,,,"6,092,552.00","6,302,811.00","24,515,143.00",,,,,
53,,,36.76,33.63,1.736,13800.11997,3361.910701,60.32785695,150.7,174.7,151.3,,105.5,5.39,,,151.3,,,159.2,,,,,,,,"116,163.00","14,634,397.00","32,770,836.00",,,,,,,,,,,"15,100,114.00","6,523,378.00","35,495,972.00",,,,,
67,52.5,53.5,44.72,45.84,2.178,43221.77421,9372.919258,74.97890793,203.4,259.5,214.0,101.5,159.2,2.82,95.5,124.1,214.0,118.2,104.1,230.3,,"141,658,623.00","39,66,16,762","234,033,450.00","8,507,491.00","11,511,986.00","3,225,187.00","6,101,264.00","46,490,244.00","42,429,706.00","107,770,259.00","23,171,154.00","9,944,173.00","16,149,169.00","37,555,332.00","3,683,204.00","132,172,757.00","79,335,801.00","23,366,493.00","13,797,046.00",,,"52,517,972.00","111,093,366.00","58,375,327.00","544,564,642.00","14,855,979.00",
90,65.0,,84.48,84.82,2.848,25920.18814,6600.725426,179.0867278,184.2,263.9,0.0,,162.4,4.03,,,,,,238.8,"3,82,043","76,973,466.00",,"168,011,033.00",,,"914,269.00","521,138.00","38,137,981.00","53,885,358.00","123,768,121.00","38,325,803.00","17,117,147.00","8,340,579.00","31,299,102.00",,"74,661,951.00",,,"9,771,332.00","67,235,804.00","32,551,198.00","64,236,947.00","99,324,643.00","71,104,465.00","380,360,106.00","3,281,961.00",
65,,,54.31,53.1,2.079,16184.94495,3336.381178,59.79694707,156.3,229.1,180.0,,136.5,6.96,,,180.0,,,203.8,,,,,,,,"202,049.00","26,336,656.00","49,009,916.00",,,,,,,,,,,"32,469,740.00","13,754,819.00","60,154,586.00",,,,,
95,66.75,64.5,95.8,102.92,3.626,35885.97883,9217.62633,127.4686794,203.2,288.1,0.0,104.1,178.8,3.83,,,,,102.9,258.7,,"139,026,477.00",,"223,822,695.00","7,841,319.00","37,222,953.00","2,737,716.00","2,394,637.00","43,277,466.00","57,840,979.00","148,808,996.00","34,464,822.00",,"23,024,332.00","37,801,567.00",,"131,050,407.00","54,092,048.00","44,473,870.00","7,462,722.00","95,885,788.00","39,101,278.00","76,250,251.00","143,649,584.00","66,111,907.00",,"15,688,747.00",
57,40.0,44.5,42.34,44.74,2.182,40613.39927,10962.79026,79.96162604,211.7,261.2,214.3,104.3,159.5,2.3,98.4,130.0,214.3,120.5,105.5,225.1,,"95,235,059.00",,"295,126,509.00","31,071,587.00","54,516,330.00","2,638,636.00",,"24,283,028.00",,"101,980,048.00","19,568,806.00","10,911,713.00",,"41,031,205.00",,"105,835,082.00","42,028,761.00","19,481,681.00","5,539,008.00",,,,"92,650,103.00","54,499,507.00","697,416,337.00","11,955,639.00",
85,60.5,,84.14,85.28,2.859,34564.29389,9475.844966,195.3232922,183.9,249.4,0.0,,155.7,3.71,,,,,,221.3,"30,02,880","72,702,229.00",,"181,238,381.00",,,"2,808,403.00","434,645.00","41,248,995.00","38,472,240.00","115,445,168.00","39,301,123.00","4,771,927.00","4,496,510.00","41,879,653.00",,"71,451,649.00",,,"8,492,378.00","73,961,482.00","39,930,930.00","61,449,788.00","100,130,920.00","59,421,518.00","365,587,670.00","7,315,862.00",
100,62.0,62.0,59.29,62.34,2.543,40395.90246,12175.20986,72.71506695,215.4,295.7,238.3,108.3,181.1,3.48,105.3,131.3,238.3,124.4,109.6,265.4,,"154,973,802.00",,"210,719,697.00","2,062,662.00","13,510,267.00","2,758,989.00","2,946,223.00","49,842,724.00","37,754,907.00","100,914,214.00","38,211,332.00",,"12,057,078.00","41,230,982.00",,"137,120,049.00","59,921,412.00","45,046,071.00","12,304,771.00",,,"54,318,246.00","93,592,840.00","40,779,100.00",,"21,832,572.00",
93,68.25,64.25,95.32,116.05,3.67,32742.67759,9133.3176,144.509661,201.7,287.7,0.0,101.9,178.7,3.33,,,,,100.2,258.4,"19,69,610","105,576,899.00",,"250,562,273.00","11,240,413.00","22,973,896.00","2,222,073.00","1,161,589.00","42,143,877.00","44,068,174.00","136,348,554.00","41,694,815.00",,"26,026,987.00","38,114,372.00",,"101,381,103.00","39,045,326.00","47,194,502.00","9,006,995.00","119,248,730.00","41,033,475.00","75,881,204.00","131,376,288.00","74,757,905.00",,"14,526,934.00",
46,,,31.59,29.89,1.62,13764.86701,2034.428227,47.20606207,146.3,164.6,146.4,,,4.99,,,146.4,,,149.0,,,,,,,,"136,569.00","16,411,505.00","19,683,542.00",,,,,,,,,,,"18,222,668.00","6,916,341.00","17,543,197.00",,,,,
83,49.0,56.5,56.96,64.75,2.647,46344.57097,8650.462613,61.01472622,208.7,286.8,233.7,107.0,176.1,4.09,105.2,132.7,233.7,126.6,111.4,254.6,,"113,835,122.00",,"292,161,731.00","60,491,133.00","20,142,823.00","2,043,532.00","3,541,041.00","28,684,628.00","34,610,599.00","116,925,599.00","42,716,850.00","21,238,137.00","20,276,993.00","46,749,243.00",,"122,389,713.00","65,644,456.00","32,628,796.00","13,249,502.00",,,"67,516,895.00","108,064,567.00","68,014,214.00","699,953,919.00","25,848,965.00",
89,65.0,,97.19,116.97,3.65,35152.24325,8157.901187,214.6401647,193.5,280.5,0.0,,178.7,4.42,,,,,,253.2,"91,244.00","142,241,282.00",,"197,113,144.00","26,707,364.00",,"1,810,801.00","2,525,957.00","69,309,170.00","55,760,015.00","128,145,165.00","42,984,335.00","23,540,591.00","22,992,074.00","42,183,582.00",,"139,919,271.00","29,825,491.00",,"10,061,175.00","84,199,122.00","39,889,491.00","91,932,977.00","143,098,589.00","84,037,080.00","361,716,340.00","17,153,621.00",
100,71.5,68.75,94.62,108.12,3.313,38377.19956,10264.54254,105.5165106,204.9,294.7,231.9,106.0,181.4,4.71,102.4,128.5,231.9,120.9,106.5,266.1,,"149,428,598.00",,"248,822,118.00","6,291,588.00","22,277,977.00","3,801,426.00","2,540,418.00","59,776,489.00","55,443,718.00","125,264,258.00","33,996,684.00",,"26,113,127.00","38,848,579.00",,"142,857,479.00","46,544,778.00","37,413,610.00","19,665,909.00",,,"66,404,868.00","135,371,662.00","91,009,145.00",,"12,751,384.00",
100,70.0,71.5,109.55,113.34,4.444,43864.41856,12321.32511,96.05448393,258.928,377.211,291.348,137.784,228.948,8.14,130.805,170.766,291.348,157.801,138.972,349.319,,"116,723,926.00",,"511,757,714.00","3,414,820.00",,"2,632,904.00","22,586,175.00","32,324,858.00",,"175,757,550.00","63,897,507.00",,"47,118,257.00","76,261,774.00",,"136,659,510.00","107,343,571.00",,"18,372,337.00",,,,"171,714,186.00","79,605,486.00",,"21,344,051.00",
81,57.75,51.25,82.41,95.16,3.539,35949.35945,8478.117308,145.0914119,198.1,280.3,0.0,101.8,176.6,2.46,,,,,102.3,248.7,"5,20,065","103,564,200.00",,"235,932,031.00","9,412,079.00",,"1,518,380.00","1,288,183.00","57,072,247.00","61,059,953.00","134,997,812.00","38,917,543.00","17,524,687.00","28,066,968.00","51,230,631.00",,"104,551,390.00","44,193,425.00",,"10,532,128.00","77,548,225.00","29,585,201.00","69,636,267.00","127,367,240.00","74,757,145.00","418,137,045.00","19,549,860.00",
65,41.0,,59.16,57.3,2.266,22734.14785,5256.018098,76.80461939,174.0,221.6,0.0,,135.8,3.83,,,,,,189.0,,,,,,,,"552,829.00","42,390,687.00","40,901,770.00","99,073,165.00",,,,,,,,,,"44,786,309.00","19,929,033.00","49,448,706.00","85,672,914.00",,,,
77,56.0,62.0,49.82,56.15,2.645,45405.05128,10895.9793,83.65840825,207.6,272.6,226.1,103.6,166.7,2.98,101.3,127.6,226.1,121.7,107.2,244.3,,"89,483,416.00","40,74,02,031","182,740,309.00","27,165,564.00","8,233,144.00","4,065,598.00","4,878,201.00","28,237,249.00","46,254,900.00","143,846,973.00","35,373,852.00","19,668,511.00",,"41,212,196.00","3,743,199.00","102,058,260.00","68,737,125.00","31,119,165.00","14,115,401.00",,,"67,035,968.00","129,858,670.00","65,548,907.00","657,366,524.00","21,705,006.00",
85,69.0,,105.56,103.64,3.244,22440.24177,6294.351708,126.6431403,176.0,250.6,0.0,,151.3,9.41,,,,,,220.5,,,,,,,,"2,032,411.00","34,557,150.00","71,229,305.00","177,037,039.00",,,,,,,,,,"75,394,854.00","24,550,771.00","105,535,456.00","144,263,050.00",,,,
80,38.0,48.0,57.35,63.92,2.74,41237.16616,8700.82272,79.72388419,211.5,272.7,222.0,105.8,167.4,2.37,101.2,131.4,222.0,124.9,110.0,237.2,,"129,423,268.00",,"327,495,712.00","48,865,600.00","15,815,244.00","3,611,368.00","3,870,195.00","30,487,579.00","38,147,034.00","114,229,885.00","43,059,741.00","23,909,032.00",,"41,272,954.00",,"134,063,384.00","44,705,008.00","43,539,074.00","11,630,094.00",,,"60,910,360.00","119,158,073.00","67,370,379.00","699,879,666.00","23,943,046.00",
80,66.0,,86.2,82.34,2.803,31555.4064,5532.919982,105.7660336,169.7,237.0,0.0,,142.9,6.74,,,,,,207.9,,,,,,,,"1,934,818.00","43,619,885.00","71,411,065.00",,,,,,,,,,,"58,360,183.00","18,798,845.00","114,809,277.00",,,,,
62,44.5,50.5,39.63,40.91,2.183,41017.16976,11501.42736,89.31244387,213.3,262.3,220.9,106.1,160.2,1.92,100.8,132.0,220.9,122.7,108.3,226.0,,"103,045,253.00",,"286,334,001.00","22,185,392.00","93,203,079.00","2,952,215.00","3,308,377.00","18,908,995.00",,"120,489,246.00","25,982,452.00","11,189,505.00",,"39,210,868.00",,"112,969,708.00","49,380,210.00","21,017,157.00","5,756,154.00",,,,"108,149,249.00","53,271,218.00","851,830,698.00","12,345,583.00",
95,65.5,64.75,104.61,107.93,3.591,38800.43063,8723.70815,116.259807,203.2,287.1,225.7,104.5,177.9,3.62,99.7,126.2,225.7,117.6,103.6,256.8,,"137,254,632.00",,"212,836,673.00","7,556,293.00","34,490,713.00","2,787,165.00","4,075,208.00","36,312,676.00","56,774,053.00","148,391,030.00","34,866,087.00",,"32,707,126.00","40,067,023.00",,"131,797,331.00","48,971,689.00","44,067,574.00","8,385,196.00","116,982,123.00","36,695,217.00","74,982,839.00","146,203,144.00","69,078,848.00",,"16,001,844.00",
42,,,32.94,31.18,1.458,11403.49758,2069.831893,40.84397971,142.0,157.8,131.2,,,5.43,,,131.2,,,142.2,,,,,,,,"177,915.00","15,661,841.00","23,474,148.00",,,,,,,,,,,"8,777,067.00","3,794,554.00","34,273,328.00",,,,,
68,44.0,,69.68,68.61,2.631,23972.77424,5548.574581,75.96031804,176.1,221.3,0.0,,135.8,3.8,,,,,,188.8,,,,,,,,"641,770.00","31,157,826.00","47,785,136.00","130,212,446.00",,,,,,,,,,"41,091,236.00","16,049,437.00","62,461,656.00","85,227,362.00",,,,
41,,,27.18,25.51,1.289,6902.1,863.1,29.20738729,135.0,158.3,106.3,,,2.42,,,106.3,,,139.4,,,,,,,,"61,808.00","10,352,529.00","29,327,224.00",,,,,,,,,,,"6,833,222.00","2,649,293.00","35,239,920.00",,,,,
85,67.0,,94.62,92.41,3.08,29780.71879,5581.504999,112.6152396,169.5,243.5,0.0,,146.5,7.1,,,,,,215.6,,,,,,,,"1,142,758.00","32,777,622.00","62,134,681.00",,,,,,,,,,,"62,032,182.00","17,472,798.00","111,460,097.00",,,,,
85,70.0,,91.73,90.93,3.018,25656.56128,6548.881175,112.3909843,172.2,245.8,0.0,,147.8,7.11,,,,,,217.1,,,,,,,,"1,000,760.00","38,293,584.00","51,073,862.00",,,,,,,,,,,"52,049,259.00","13,859,261.00","88,657,926.00",,,,,
80,43.5,53.0,51.38,59.41,2.248,41302.50818,7105.423454,71.89447615,209.6,276.5,223.8,105.8,169.7,3.11,101.5,131.4,223.8,126.3,111.1,242.7,,"112,128,280.00",,"312,774,174.00","48,006,455.00","15,383,810.00","908,899.00","4,395,350.00","32,462,873.00","30,815,773.00","126,246,813.00","42,842,902.00","16,655,249.00","12,840,231.00","46,458,314.00",,"108,772,031.00","67,956,128.00","27,798,143.00","12,576,008.00",,,"61,239,954.00","111,455,496.00","79,066,490.00","736,003,023.00","24,221,788.00",
75,53.5,58.5,49.33,51.59,2.325,34161.99366,9720.184109,107.3516367,205.8,269.2,226.0,102.7,168.1,2.88,100.8,126.2,226.0,119.9,105.6,240.8,,"112,624,116.00","49,43,45,951","267,844,089.00","13,127,837.00","32,782,463.00","5,680,387.00","1,530,241.00","33,470,173.00","44,796,416.00","126,468,445.00","47,930,356.00","19,837,482.00",,"44,113,017.00","6,052,007.00","116,508,161.00","58,252,159.00","22,809,736.00","13,851,607.00",,,"75,319,760.00","114,806,010.00","60,552,038.00","773,651,516.00","16,231,234.00",
79,,,62.37,58.54,2.717,24382.85273,3899.151496,77.17559359,155.8,238.6,197.3,,142.2,13.42,,,197.3,,,217.4,,,,,,,,"81,592.00","22,154,270.00","44,642,692.00",,,,,,,,,,,"30,158,765.00","11,313,587.00","61,044,189.00",,,,,
52,,,34.74,30.86,1.648,11267.14768,2928.991616,58.69850348,148.4,172.9,151.1,,104.5,5.37,,,151.1,,,158.4,,,,,,,,"42,304.00","11,621,632.00","13,966,172.00",,,,,,,,,,,"16,450,546.00","7,135,979.00","34,930,308.00",,,,,
50,,,34.27,31.28,1.572,14089.0155,2620.489793,56.93850994,148.1,169.0,145.1,,102.3,6.14,,,145.1,,,153.0,,,,,,,,"516,030.00","15,467,273.00","21,307,567.00",,,,,,,,,,,"13,412,935.00","8,952,262.00","29,859,022.00",,,,,
64,55.0,,59.26,57.56,2.278,23038.88036,4532.889974,103.3624842,163.9,222.4,192.8,,134.8,8.0,,,192.8,,,191.4,,,,,,,,"400,171.00","33,865,526.00","63,366,054.00",,,,,,,,,,,"49,633,586.00","10,321,669.00","88,086,403.00",,,,,
90,,,87.55,93.33,3.815,44571.96712,15698.33965,68.53572865,268.312,353.405,312.788,143.472,216.053,5.66,138.09,178.722,311.13,157.362,138.361,316.901,,"129,493,155.00",,"403,395,083.00","5,651,870.00",,"4,469,198.00",,"19,748,369.00",,"135,796,605.00",,,,"60,681,920.00",,"135,550,402.00","155,159,512.00",,"16,783,023.00",,,,"119,307,001.00","109,421,098.00",,,
84,56.5,,86.41,109.55,3.448,37824.0717,9745.556144,184.2063485,195.9,273.7,0.0,,174.8,3.57,,,,,,242.5,"1,85,953","95,993,412.00",,"193,646,672.00","21,971,327.00",,"1,687,732.00","1,904,452.00","45,636,318.00","45,753,273.00","118,067,837.00","35,665,410.00","11,901,082.00","34,339,132.00","41,848,397.00",,"95,328,210.00","43,124,772.00",,"12,655,853.00","63,181,396.00","44,468,278.00","73,782,632.00","115,004,924.00","76,770,126.00","381,853,298.00","15,994,286.00",
34,,,19.33,18.71,1.086,7409.1,1901.2,22.11990723,140.4,146.3,126.9,,,2.3,,,126.9,,,126.0,,,,,,,,"122,837.00","8,229,498.00","14,721,451.00",,,,,,,,,,,"6,632,732.00","3,628,699.00","13,488,518.00",,,,,
86,87.0,84.5,62.33,65.41,2.81,39988.42652,12808.85747,108.1602153,217.4,326.7,242.9,113.0,197.4,2.62,109.4,140.1,242.9,135.7,119.0,302.3,,"157,479,309.00",,"389,929,332.00","14,470,114.00","65,516,663.00","3,373,236.00","11,419,543.00","23,109,583.00",,"158,007,234.00","54,045,923.00","36,332,432.00","25,526,019.00","52,459,408.00",,"165,180,445.00","74,198,543.00","27,997,802.00","18,486,262.00",,,,"133,762,418.00","67,048,554.00","729,873,126.00","17,088,595.00",
89,62.0,,98.57,107.87,3.266,32872.28513,9747.667135,153.5174402,197.2,271.1,0.0,100.0,170.7,3.17,100.0,,,,100.0,240.0,"6,73,427","111,171,298.00",,"232,196,151.00","32,652,504.00",,"1,807,316.00","1,046,259.00","50,995,343.00","38,542,644.00","102,196,949.00","32,444,523.00","14,772,728.00","26,176,996.00","36,668,789.00",,"109,435,861.00","41,348,047.00",,"9,041,179.00","80,485,940.00","36,463,234.00","57,329,915.00","92,306,628.00","50,533,986.00","503,098,146.00","10,848,684.00",
73,,,74.41,73.67,2.981,24632.01077,4806.275103,112.6314393,156.4,235.8,199.2,,141.3,6.17,,,199.2,,,210.3,,,,,,,,"285,726.00","38,748,175.00","54,761,607.00",,,,,,,,,,,"36,385,119.00","11,095,694.00","62,077,415.00",,,,,
72,53.0,53.5,47.22,47.76,2.116,38589.69673,9459.198394,75.02642719,213.1,285.4,234.2,107.8,175.1,2.99,103.6,130.6,234.2,124.7,109.8,254.0,,"132,469,600.00","44,61,42,297","186,500,147.00","2,392,324.00","18,533,241.00","2,260,004.00","2,052,901.00","46,438,342.00","42,376,570.00","112,081,926.00","31,545,411.00",,"16,759,700.00","44,761,483.00","8,566,216.00","127,821,178.00","48,546,182.00","19,837,743.00","23,615,344.00",,,"51,528,250.00","94,342,407.00","54,957,367.00",,"21,370,916.00",
91,69.0,,125.39,122.8,3.766,27634.53244,6275.672316,138.2777984,177.6,256.1,0.0,,155.3,11.27,,,,,,228.5,,,,,,,,"645,557.00","30,129,185.00","64,941,892.00","164,306,225.00",,,,,,,,,,"77,340,244.00","24,985,393.00","107,516,110.00","149,958,877.00",,,,
85,61.5,,89.04,91.45,2.993,30799.58315,10125.55462,215.2751948,186.0,248.0,0.0,,155.0,4.25,,,,,,218.4,"30,52,314","85,122,954.00",,"185,346,032.00",,,"1,792,609.00","424,552.00","57,738,238.00","36,914,538.00","111,957,242.00","37,592,131.00","9,783,312.00","2,383,891.00","28,987,508.00",,"81,708,097.00",,,"6,231,185.00","78,977,071.00","34,324,049.00","54,616,912.00","104,406,806.00","44,023,421.00","397,808,703.00","4,862,280.00",
83,40.0,50.5,54.66,64.22,2.716,38732.97518,9168.472651,89.91643864,212.3,273.2,222.7,105.7,167.8,2.4,101.4,131.3,222.7,123.8,109.2,238.2,,"109,496,158.00",,"346,765,618.00","34,790,924.00","18,449,984.00","2,282,332.00","1,039,279.00","26,283,663.00","40,751,253.00","105,155,935.00","37,508,026.00","14,170,835.00",,"39,398,331.00",,"116,751,172.00","52,313,559.00","38,692,062.00","7,419,895.00",,,"59,775,346.00","118,627,848.00","57,128,823.00","656,818,576.00","20,439,368.00",
90,,,84.37,91.42,3.685,36876.43705,15576.006,65.26583431,278.025,341.941,307.226,142.166,208.999,5.45,137.637,177.242,309.869,151.405,133.72,300.185,,,,,,,"3,614,701.00",,"19,595,788.00",,,,,,,,,,,"11,079,039.00",,,,,,,,
47,,,29.77,28.68,1.551,9246.4,1642.8,29.40210763,137.5,167.3,105.6,,,3.99,,,105.6,,,153.8,,,,,,,,"308,117.00","14,439,223.00","27,072,339.00",,,,,,,,,,,"8,116,066.00","3,456,520.00","39,657,146.00",,,,,
71,,,65.57,62.91,2.903,23294.48168,3165.813266,76.9355428,155.8,223.0,182.2,,133.6,11.75,,,182.2,,,197.5,,,,,,,,"155,799.00","23,099,752.00","52,662,330.00",,,,,,,,,,,"48,724,989.00","12,422,823.00","59,154,911.00",,,,,
61,54.0,,54.57,53.68,2.24,25640.56267,4389.534621,94.23932685,161.1,224.5,204.5,,135.9,6.55,,,204.5,,,194.0,,,,,,,,"259,697.00","49,839,043.00","62,174,373.00",,,,,,,,,,,"45,234,161.00","13,266,568.00","85,578,560.00",,,,,
104,73.0,71.75,100.8,107.48,3.533,31420.87528,10934.27611,103.4775024,208.4,300.0,237.0,107.3,184.9,4.9,104.3,130.1,237.0,122.3,107.7,271.9,,"148,871,999.00",,"233,293,611.00","3,405,006.00","15,335,015.00","1,901,199.00","1,989,234.00","31,684,783.00","65,892,861.00","145,567,523.00","44,025,640.00",,"21,339,635.00","53,703,653.00",,"142,568,654.00","58,514,113.00","35,107,469.00","12,416,018.00",,,"77,104,511.00","151,041,989.00","65,256,691.00",,"23,007,995.00",
84,64.0,,76.42,73.75,2.644,23342.77751,6840.227481,141.8657184,180.9,252.8,0.0,,155.7,5.32,,,,,,217.1,"13,57,191","84,061,885.00",,"230,178,732.00",,,"1,804,158.00","317,535.00","29,664,695.00","44,930,538.00","105,771,539.00","42,928,511.00","1,843,728.00","2,218,717.00","28,643,366.00",,"78,372,596.00",,,"5,446,836.00","51,926,943.00","26,371,724.00","62,583,627.00","99,166,103.00","55,872,515.00","331,310,352.00","2,521,829.00",
89,60.0,,85.61,112.83,3.611,36418.64286,8370.063556,206.4528127,197.0,279.2,0.0,,178.3,3.9,,,,,,250.9,"4,57,637","114,223,023.00",,"222,768,194.00","27,917,271.00",,"1,445,648.00","2,479,800.00","53,149,368.00","52,080,370.00","130,276,473.00","38,104,206.00","16,672,959.00","22,315,818.00","52,087,707.00",,"111,224,432.00","43,992,237.00",,"12,456,807.00","73,428,252.00","39,725,059.00","81,564,502.00","127,350,985.00","90,223,861.00","449,453,468.00","15,866,214.00",
83,59.0,61.0,66.25,72.11,2.757,38227.76757,10509.56726,77.74150474,206.7,280.7,239.7,107.5,172.3,2.8,107.5,132.8,239.7,127.1,111.7,248.9,,"126,268,633.00",,"255,014,329.00","19,667,205.00","21,484,167.00","1,792,370.00","4,413,602.00","39,143,329.00","43,855,195.00","144,434,054.00","40,161,507.00","26,389,730.00",,"50,941,393.00",,"130,014,242.00","64,570,491.00","28,659,619.00","14,136,668.00",,,"66,923,805.00","128,948,613.00","69,871,509.00","703,379,816.00","27,820,914.00",
47,31.0,37.75,38.31,40.27,2.082,37293.39527,9237.367341,64.78543818,215.0,251.1,211.7,103.4,153.8,1.63,97.5,129.1,211.7,121.4,106.2,212.1,,"82,414,899.00",,"323,210,907.00","36,229,666.00","45,884,837.00","1,753,708.00","1,605,099.00","31,862,428.00",,"105,020,740.00","31,586,728.00","11,278,963.00",,"35,856,012.00",,"87,506,959.00","38,748,802.00","18,151,172.00","4,534,450.00",,,,"87,026,767.00","48,746,480.00","674,273,915.00","14,015,597.00",
77,30.0,39.25,59.88,67.31,2.555,33418.14908,8901.174927,74.94942439,215.1,266.1,217.7,105.5,163.1,2.22,99.6,131.2,217.7,122.7,107.8,229.5,,"111,720,880.00",,"302,420,633.00","32,843,564.00","13,725,897.00","2,667,468.00","1,707,525.00","18,073,457.00","28,111,851.00","76,058,870.00","23,009,852.00","24,303,573.00",,"34,113,610.00",,"116,273,104.00","41,756,821.00","44,588,693.00","6,341,549.00",,,"37,306,672.00","75,502,249.00","48,808,433.00","665,213,033.00","15,308,706.00",
83,59.0,61.0,67.87,74.41,2.891,44524.00505,10855.7334,70.048353,206.9,288.0,235.7,107.4,176.9,2.97,106.0,132.9,235.7,127.9,112.3,257.4,,"112,064,198.00",,"342,839,383.00","17,645,498.00","20,118,319.00","1,978,823.00","5,168,966.00","27,315,890.00","42,320,089.00","148,777,099.00","42,689,701.00","17,611,892.00",,"53,813,886.00",,"110,482,151.00","72,670,277.00","55,714,350.00","11,630,702.00",,,"70,293,255.00","128,496,501.00","67,239,838.00","716,261,824.00","24,397,455.00",
76,64.0,,72.39,70.76,2.786,28424.50144,5552.797567,95.86273784,166.3,234.4,0.0,,141.6,6.22,,,,,,207.0,,,,,,,,"370,193.00","42,853,695.00","65,833,378.00",,,,,,,,,,,"62,831,490.00","12,245,800.00","84,972,736.00",,,,,
52,35.0,41.75,40.71,43.24,2.183,40482.28631,9088.239031,67.98493726,212.3,254.5,216.5,103.6,155.7,1.77,99.2,129.3,216.5,121.4,106.2,217.3,,"86,786,839.00",,"299,764,085.00","40,642,988.00","63,118,240.00","2,053,072.00","1,917,152.00","25,676,039.00",,"107,224,145.00","34,187,715.00","11,029,338.00",,"38,720,042.00",,"90,458,218.00","41,654,347.00","17,741,135.00","5,454,575.00",,,,"93,171,636.00","54,487,306.00","680,432,980.00","15,003,206.00",
108,85.0,98.75,71.65,74.49,3.175,47384.88375,11028.35789,81.22405758,236.751,377.061,286.721,130.497,228.723,5.16,128.944,161.199,286.721,164.093,143.875,358.01,,"146,383,258.00",,"409,792,631.00","8,854,262.00","58,983,037.00","2,829,699.00","12,462,762.00","26,406,150.00",,"167,765,087.00","48,762,381.00","32,727,403.00","25,121,507.00","90,393,588.00",,"189,590,281.00","79,683,324.00","29,873,438.00","13,787,491.00",,,,"136,356,998.00","80,172,926.00","627,386,348.00","21,773,956.00",
41,,,28.46,25.66,1.443,7604.7,1586.7,28.12584516,137.9,162.9,135.4,,,8.9,,,135.4,,,141.8,,,,,,,,"52,558.00","12,688,176.00","17,484,831.00",,,,,,,,,,,"7,875,578.00","4,894,611.00","29,829,532.00",,,,,
72,51.0,,74.3,74.46,2.607,26470.07574,8324.982797,127.2328111,179.8,242.1,0.0,,149.3,5.35,,,,,,203.6,,,,,,,,"305,062.00","55,003,417.00","37,967,251.00","106,165,522.00",,,,,,,,,,"75,642,836.00","29,655,995.00","69,214,025.00","84,888,093.00",,,,
103,80.0,,133.44,132.72,4.062,31247.27067,6234.635702,144.9327953,181.0,269.8,0.0,,165.0,11.09,,,,,,244.5,,,,,,,,"1,255,355.00","34,449,230.00","78,698,735.00","208,173,003.00",,,,,,,,,,"89,326,720.00","17,944,408.00","111,409,755.00","149,423,147.00",,,,
40,,,29.42,28.33,1.386,11625.0,2049.1,38.45895152,139.5,153.9,131.3,,,4.74,,,131.3,,,139.6,,,,,,,,"188,435.00","14,359,059.00","17,158,839.00",,,,,,,,,,,"9,837,324.00","5,441,717.00","18,052,457.00",,,,,
59,,,53.13,49.78,2.0,19718.15748,2946.743822,57.68729823,155.1,212.2,170.1,,126.3,6.35,,,170.1,,,184.2,,,,,,,,"110,843.00","17,423,111.00","34,106,224.00",,,,,,,,,,,"20,555,705.00","10,227,368.00","48,452,327.00",,,,,
104,73.0,71.0,100.82,108.9,3.356,30700.35233,9750.696184,97.29567907,205.9,297.8,234.0,106.6,183.4,6.0,103.1,129.1,234.0,120.6,106.2,269.4,,"129,884,331.00",,"230,349,085.00","4,078,694.00","38,723,528.00","3,391,303.00","2,423,410.00","61,256,243.00","56,700,743.00","129,062,066.00","38,010,462.00",,"34,432,342.00","41,828,468.00",,"126,346,846.00","55,626,273.00","34,458,896.00","13,168,550.00",,,"77,684,859.00","151,042,258.00","73,915,219.00",,"18,764,427.00",
55,,,56.26,54.35,2.156,20976.70186,3370.730806,66.01323172,155.5,219.9,181.4,,131.8,7.18,,,181.4,,,195.0,,,,,,,,"76,301.00","14,196,905.00","68,406,303.00",,,,,,,,,,,"36,201,820.00","12,141,019.00","51,417,858.00",,,,,
41,,,29.35,27.78,1.377,6584.4,972.7,33.39109882,136.0,159.5,105.6,,,2.66,,,105.6,,,141.7,,,,,,,,"450,675.00","8,844,172.00","33,506,035.00",,,,,,,,,,,"5,647,987.00","2,787,667.00","36,716,752.00",,,,,
76,56.0,,78.22,76.17,2.715,25215.91901,6898.358856,139.7908548,180.1,240.0,0.0,,148.6,5.83,,,,,,201.0,"4,88,137","85,264,272.00",,"243,608,493.00",,,"805,536.00","190,932.00","32,874,523.00","41,138,035.00","113,125,576.00","44,666,643.00","2,753,319.00","11,962,404.00","25,787,263.00",,"82,877,181.00",,,"9,723,836.00","61,587,891.00","27,904,266.00","64,992,346.00","83,218,738.00","52,677,816.00","452,461,873.00","3,133,547.00",
83,44.0,51.0,63.86,71.23,2.798,34499.45493,7900.415334,77.62486657,210.3,273.9,224.4,104.6,168.3,2.65,102.0,129.8,224.4,123.5,109.0,239.2,,"132,813,501.00",,"314,363,477.00","41,646,731.00","22,805,847.00","1,459,670.00","2,105,013.00","24,655,884.00","36,504,517.00","128,089,166.00","39,795,746.00","21,644,106.00",,"41,030,383.00",,"138,897,451.00","54,319,369.00","37,153,976.00","9,510,946.00",,,"70,815,398.00","123,568,836.00","60,992,139.00","774,737,144.00","20,489,478.00",
72,59.0,61.0,50.9,56.56,2.794,41215.07818,9505.173559,74.3665575,209.8,273.8,221.7,105.0,167.7,2.84,99.2,126.9,221.7,119.0,104.8,242.5,,"146,105,282.00","40,96,18,703","233,383,423.00","4,113,818.00","20,634,780.00","3,127,564.00","8,266,793.00","56,807,433.00","45,673,587.00","135,894,074.00","35,665,120.00",,"17,874,150.00","39,745,019.00","8,427,932.00","140,450,182.00","59,722,438.00","31,063,491.00","8,180,860.00",,,"73,854,538.00","153,447,210.00","64,778,334.00",,"16,140,782.00",
46,,,30.76,28.35,1.513,13438.63509,2067.405578,45.03881769,144.9,166.9,143.5,,,5.03,,,143.5,,,150.5,,,,,,,,"148,992.00","13,541,243.00","17,366,005.00",,,,,,,,,,,"17,062,635.00","7,619,039.00","31,944,858.00",,,,,
85,70.0,,76.65,71.58,3.051,34032.38828,6083.400135,87.0774679,180.7,264.8,0.0,,164.2,6.74,,,,,,233.0,,,,,,,,"1,750,530.00","48,200,959.00","63,435,805.00","160,547,986.00",,,,,,,,,,"44,115,849.00","29,001,120.00","95,729,739.00","121,109,577.00",,,,
85,61.5,,89.42,96.52,3.095,31377.35375,8017.791834,250.3616863,186.9,253.0,0.0,,158.1,4.49,,,,,,224.1,"1,36,013","86,869,345.00",,"188,238,250.00","37,773,078.00",,"1,994,727.00","537,894.00","38,586,848.00","42,322,529.00","125,310,116.00","47,489,095.00","10,194,739.00","11,546,249.00","40,335,246.00",,"85,702,532.00","35,649,297.00",,"8,715,743.00","84,081,369.00","34,340,111.00","76,602,873.00","105,903,120.00","62,215,598.00","442,740,778.00","6,775,204.00",
62,47.0,55.0,39.4,40.19,2.158,44672.40962,14802.58448,101.5202785,216.8,272.2,224.0,107.2,166.0,2.39,101.9,133.1,224.0,123.4,109.4,238.2,,"108,125,301.00",,"312,742,536.00","24,609,360.00","78,339,286.00","1,578,018.00","2,372,563.00","17,437,540.00",,"116,922,018.00","30,986,505.00","8,558,623.00",,"40,947,306.00",,"116,925,749.00","52,914,871.00","19,243,706.00","7,829,297.00",,,,"99,053,764.00","54,338,957.00","801,338,562.00","14,707,676.00",
44,,,27.6,27.85,1.616,8398.2,1786.4,28.11856623,142.0,165.3,132.6,,,3.72,,,132.6,,,141.5,,,,,,,,"823,639.00","11,820,994.00","20,375,991.00",,,,,,,,,,,"5,384,970.00","6,468,228.00","25,713,159.00",,,,,
51,,,33.55,30.61,1.693,10110.04456,2423.104708,48.01604941,142.8,172.7,154.4,,,5.93,,,154.4,,,158.0,,,,,,,,"123,294.00","12,015,310.00","20,597,190.00",,,,,,,,,,,"13,023,054.00","4,887,181.00","32,518,243.00",,,,,
88,63.0,,89.58,103.72,3.211,27244.73581,8383.310124,280.7876187,193.4,259.7,0.0,,162.5,4.09,,,,,,231.6,"75,594.00","88,576,581.00",,"219,983,038.00","23,628,597.00",,"1,591,135.00","551,600.00","54,316,343.00","46,017,371.00","145,400,011.00","46,108,519.00","8,368,137.00","14,140,797.00","36,433,055.00",,"90,515,678.00","28,057,324.00",,"7,241,441.00","92,253,338.00","36,462,165.00","78,084,550.00","119,563,248.00","69,564,895.00","279,099,036.00","7,427,185.00",
50,,,38.02,35.18,1.969,16887.76259,2764.217124,62.0396302,155.0,185.7,153.3,,111.6,6.27,,,153.3,,,167.9,,,,,,,,"95,868.00","15,136,750.00","27,943,493.00",,,,,,,,,,,"24,091,436.00","7,903,800.00","39,285,745.00",,,,,
100,70.0,67.75,106.29,111.6,3.532,40144.39251,9527.176643,119.6621294,203.7,288.8,229.1,104.2,177.6,3.62,100.8,125.9,229.1,117.3,103.3,259.8,,"113,510,663.00",,"194,533,421.00","17,852,699.00","22,585,012.00","1,508,650.00","5,358,349.00","42,431,431.00","57,845,466.00","128,305,423.00","32,285,955.00",,"32,179,582.00","40,156,316.00",,"108,856,242.00","40,950,124.00","43,219,864.00","14,849,842.00","93,776,985.00","32,058,843.00","71,687,863.00","135,450,567.00","77,056,222.00",,"18,558,072.00",
83,57.5,61.0,70.98,74.25,2.849,47009.75001,10151.95661,66.19776156,206.9,289.0,234.2,107.7,177.4,2.83,105.3,133.4,234.2,127.5,112.1,257.7,,"141,160,535.00",,"300,539,287.00","25,198,524.00","14,454,258.00","1,741,254.00","3,611,441.00","32,910,392.00","35,775,160.00","123,436,793.00","45,552,511.00","19,966,564.00",,"47,077,129.00",,"143,902,524.00","78,222,461.00","27,210,377.00","13,972,850.00",,,"67,656,830.00","135,355,041.00","71,459,861.00","762,147,880.00","25,939,838.00",
81,57.0,,75.31,77.84,2.705,35196.69885,7114.311226,160.244066,181.9,249.2,0.0,,155.7,3.89,,,,,,221.6,"21,71,337","88,778,366.00",,"184,355,915.00",,,"2,242,193.00","608,661.00","35,051,903.00","51,138,196.00","127,865,818.00","44,878,894.00","3,816,326.00","7,930,419.00","36,492,403.00",,"82,764,267.00",,,"12,494,588.00","58,733,696.00","38,075,215.00","67,446,725.00","105,350,781.00","59,254,504.00","362,253,341.00","7,535,953.00",
41,,,26.27,24.34,1.419,12569.6,2160.8,38.10787081,139.2,155.1,131.3,,,4.04,,,131.3,,,142.0,,,,,,,,"147,072.00","10,709,436.00","20,457,747.00",,,,,,,,,,,"7,527,946.00","5,248,098.00","19,708,972.00",,,,,
37,,,27.02,25.35,1.392,9846.9,1773.9,31.98007679,139.4,144.1,132.2,,,3.5,,,132.2,,,131.7,,,,,,,,"103,183.00","9,240,808.00","20,724,086.00",,,,,,,,,,,"12,725,277.00","5,976,985.00","21,879,578.00",,,,,
67,58.0,54.75,54.45,59.52,2.469,36121.39447,9279.91285,77.12591437,208.0,273.2,224.5,105.0,167.1,2.61,99.5,126.9,224.5,119.1,104.9,240.3,,"143,720,092.00","36,41,37,790","234,366,332.00","9,991,726.00","14,973,161.00","2,464,090.00","1,856,814.00","46,481,447.00","40,852,899.00","110,426,262.00","34,645,611.00",,"19,548,711.00","43,405,007.00","6,195,076.00","137,251,308.00","72,623,527.00","20,996,847.00","10,042,777.00",,,"61,613,546.00","117,689,974.00","54,973,289.00",,"13,678,824.00",
68,50.0,,64.09,64.44,2.527,25671.08441,5269.286701,79.34326058,173.5,232.0,0.0,,141.7,3.38,,,,,,201.2,,,,,,,,"973,384.00","43,433,011.00","50,202,847.00","116,402,414.00",,,,,,,,,,"42,173,019.00","17,150,130.00","66,460,254.00","90,474,898.00",,,,
67,46.0,53.0,51.97,53.31,2.254,39358.92606,11644.80551,101.010821,202.7,258.1,218.5,102.7,159.1,3.59,98.2,125.5,218.5,120.6,106.2,227.3,,"131,101,626.00","34,48,72,164","236,842,068.00","28,774,251.00","21,988,276.00","2,479,395.00","1,475,544.00","36,542,453.00","40,081,616.00","94,742,754.00","29,441,401.00","14,121,630.00","8,783,105.00","30,059,370.00","3,868,004.00","120,650,236.00","58,129,783.00","17,977,336.00","14,398,519.00",,,"52,734,290.00","81,797,957.00","53,500,131.00","587,550,297.00","12,404,277.00",
95,66.5,63.5,106.57,111.28,3.574,39161.29952,9352.119496,116.5257505,204.7,288.2,226.7,104.4,177.3,3.43,100.0,126.1,226.7,117.6,103.5,258.1,,"121,500,376.00",,"236,728,828.00","12,613,479.00","30,283,398.00","1,611,472.00","4,027,220.00","44,582,230.00","58,105,137.00","114,428,227.00","26,332,464.00",,"27,783,110.00","41,710,009.00",,"115,493,387.00","43,936,767.00","47,276,975.00","6,933,777.00","97,261,250.00","40,162,713.00","63,310,811.00","141,937,025.00","67,291,371.00",,"18,264,920.00",
86,62.25,59.0,94.16,113.36,3.722,37280.62914,8613.335319,126.6928195,200.0,277.5,0.0,99.9,173.7,2.84,,,,,100.2,246.4,"2,55,371","45,349,925.00",,"234,614,848.00","19,227,531.00",,"1,497,280.00","2,131,203.00","56,223,905.00","55,218,278.00","112,720,899.00","27,492,883.00","15,831,424.00","29,413,735.00","111,113,498.00",,"110,995,955.00","43,355,143.00",,"13,699,617.00","105,774,326.00","37,222,998.00","51,099,160.00","117,807,199.00","80,824,952.00","562,212,691.00","17,331,800.00",
69,47.0,54.5,45.66,44.73,2.182,42602.63173,12044.08482,85.26928162,201.3,262.2,219.1,103.0,161.4,2.55,98.5,126.4,219.1,120.6,106.2,232.2,,"132,604,205.00","36,51,15,923","212,283,251.00","9,614,552.00","30,103,894.00","2,552,793.00","2,624,454.00","31,028,751.00","46,580,481.00","108,709,091.00","48,545,440.00","29,582,164.00","12,806,162.00","40,845,052.00","2,986,137.00","125,294,692.00","59,378,225.00","15,620,518.00","16,573,583.00",,,"61,894,477.00","114,045,514.00","66,949,871.00","539,347,414.00","14,656,596.00",
42,,,28.38,26.65,1.396,12671.4,1839.8,39.12594142,139.3,154.2,130.7,,,3.09,,,130.7,,,141.7,,,,,,,,"161,641.00","12,444,693.00","21,755,150.00",,,,,,,,,,,"9,242,299.00","6,871,171.00","16,965,757.00",,,,,
80,35.0,43.0,53.96,59.71,2.627,39794.88945,8854.883948,65.12150929,212.3,273.8,221.1,105.3,167.8,2.33,100.9,130.8,221.1,120.1,105.8,238.7,,"97,322,938.00",,"358,169,749.00","28,414,748.00","9,430,455.00","3,260,444.00","1,807,127.00","23,508,516.00","39,174,952.00","116,771,285.00","30,813,797.00","21,184,324.00",,"40,774,448.00",,"109,790,468.00","40,662,281.00","40,840,435.00","10,903,188.00",,,"53,452,684.00","106,896,782.00","71,780,191.00","609,494,981.00","19,496,386.00",
76,52.5,,76.82,77.04,2.73,35375.28843,7209.734849,150.4155323,180.1,250.0,0.0,,156.0,4.32,,,,,,222.7,"18,31,669","88,148,749.00",,"203,514,453.00",,,"1,119,934.00","3,177,477.00","48,328,367.00","48,971,685.00","115,537,579.00","31,891,589.00","3,850,669.00","9,166,871.00","39,410,756.00",,"84,962,282.00",,,"17,353,568.00","65,694,704.00","43,429,155.00","49,168,886.00","106,482,399.00","59,737,154.00","344,791,070.00","9,372,165.00",
72,63.5,61.0,59.82,61.48,2.802,41453.8398,9615.754115,82.97942287,212.1,275.6,223.5,105.1,168.5,2.78,99.6,127.2,223.5,118.3,104.1,244.7,,"134,018,054.00","42,70,54,484","268,274,935.00","11,354,267.00","16,820,970.00","2,922,469.00","10,116,556.00","53,597,184.00","38,518,119.00","123,138,740.00","39,586,301.00",,"15,308,108.00","42,905,501.00","9,066,203.00","120,956,048.00","69,116,767.00","25,521,764.00","8,739,684.00",,,"78,093,015.00","124,109,200.00","65,198,477.00",,"11,771,010.00",
93,85.0,85.0,61.72,64.81,2.858,37408.53623,11905.6305,99.3282073,221.1,342.8,247.4,117.0,206.9,2.66,113.4,144.9,247.4,137.5,120.4,321.8,,"154,288,060.00",,"334,803,576.00","10,033,898.00","96,915,784.00","3,496,031.00","17,622,839.00","22,548,114.00",,"169,994,126.00","53,027,371.00","60,889,195.00","20,668,087.00","54,118,886.00",,"163,027,307.00","75,799,992.00","29,081,770.00","17,450,443.00",,,,"147,417,159.00","62,273,824.00","622,344,824.00","18,554,327.00",
93,65.5,76.25,71.71,74.17,3.307,49525.45303,13343.6119,88.18670874,238.463,367.883,292.442,130.467,222.851,3.76,131.003,161.287,292.442,161.253,141.662,343.395,,"162,240,764.00",,"362,584,392.00","15,848,934.00","109,489,561.00","3,368,787.00","10,850,918.00","36,191,998.00",,"131,881,421.00","38,502,405.00","19,172,440.00","32,413,588.00","53,891,454.00",,"198,081,347.00","73,927,005.00","43,307,507.00","11,952,322.00",,,,"133,905,307.00","82,845,701.00","586,409,088.00","20,307,828.00",
42,,,29.67,28.4,1.4,12291.5,2023.7,40.40031651,138.7,154.3,132.5,,,3.55,,,132.5,,,142.0,,,,,,,,"78,998.00","12,756,870.00","22,839,485.00",,,,,,,,,,,"9,685,432.00","4,804,473.00","22,813,355.00",,,,,
100,70.0,67.75,97.63,110.76,3.276,37500.21288,12988.6573,116.0506659,204.2,291.5,231.9,105.4,179.5,4.24,102.4,127.6,231.9,120.2,105.8,262.6,,"140,046,338.00",,"213,452,175.00","20,927,465.00","24,817,030.00","2,511,255.00","1,707,630.00","43,845,588.00","41,660,866.00","111,679,555.00","40,661,754.00",,"18,332,177.00","35,990,760.00",,"126,049,676.00","47,837,412.00","38,271,961.00","10,405,892.00","77,326,447.00","30,865,380.00","66,556,728.00","106,398,394.00","53,929,905.00",,"13,280,168.00",
84,59.0,,97.21,110.77,3.384,36764.91164,9997.195589,152.9450492,197.9,276.0,0.0,,174.3,3.24,,,,,,245.8,"10,99,995","96,783,450.00",,"209,614,209.00","28,984,684.00",,"1,780,778.00","1,090,398.00","52,162,503.00","45,632,302.00","121,229,463.00","37,784,476.00","9,984,525.00","32,307,893.00","44,384,788.00",,"96,363,367.00","40,154,506.00",,"19,353,083.00","81,133,183.00","35,374,928.00","68,930,429.00","114,018,861.00","60,330,583.00","489,208,459.00","13,995,833.00",
47,34.0,40.75,50.54,55.66,2.442,22581.56274,6826.571262,71.6608758,211.1,269.6,218.0,104.8,165.4,1.91,99.7,130.3,218.0,118.6,104.6,232.8,,"103,882,842.00",,"326,192,001.00","23,027,730.00","17,113,119.00","2,062,639.00","2,774,072.00","21,023,084.00",,"112,655,111.00","32,269,837.00","9,409,647.00",,"34,785,286.00",,"104,157,995.00","54,102,577.00","28,717,863.00","6,377,471.00",,,,"97,868,352.00","52,090,347.00","516,236,169.00","15,930,684.00",
95,68.75,64.5,103.33,119.75,3.9,33016.25383,8468.141982,174.4042057,197.5,283.9,0.0,103.6,180.6,1.95,,,,,101.4,253.5,"4,01,722","122,931,482.00",,"178,745,109.00","25,400,330.00",,"2,065,147.00","6,827,227.00","54,143,326.00","55,672,219.00","143,704,599.00","39,187,670.00","21,573,304.00","24,092,730.00","40,655,095.00",,"124,319,485.00","51,858,772.00",,"13,592,560.00","85,367,612.00","25,818,071.00","78,504,064.00","131,408,477.00","76,783,844.00","370,583,968.00","15,597,002.00",
40,,,25.52,24.08,1.382,10727.2,2205.9,38.11941175,139.8,146.2,133.2,,,3.26,,,133.2,,,134.2,,,,,,,,"52,991.00","7,872,649.00","19,287,872.00",,,,,,,,,,,"7,645,384.00","6,911,448.00","20,629,643.00",,,,,
107,76.0,73.75,84.4,87.43,3.171,45335.35172,12593.3343,73.48853123,216.3,307.1,240.9,108.7,188.2,3.78,106.5,131.9,240.9,123.1,108.4,279.7,,"135,246,451.00",,"219,039,377.00","2,856,455.00","10,581,532.00","4,522,811.00","4,765,223.00","63,201,556.00","65,480,086.00","138,110,944.00","44,310,415.00",,"27,768,083.00","56,297,482.00",,"133,831,956.00","98,773,651.00","61,325,030.00","15,652,829.00",,,"66,788,883.00","131,553,639.00","62,889,020.00",,"22,343,255.00",
79,56.0,58.0,63.7,69.08,2.555,45681.31036,9909.454284,76.82420636,206.6,275.1,239.0,104.8,168.2,3.87,107.1,129.0,239.0,127.1,111.8,247.0,,"143,401,561.00",,"232,734,053.00","18,856,401.00","11,042,468.00","1,103,810.00","2,394,502.00","46,025,981.00","45,117,545.00","150,814,620.00","36,899,687.00","14,631,089.00",,"44,617,775.00",,"141,408,606.00","60,943,621.00","26,683,396.00","16,290,882.00",,,"73,997,562.00","110,816,099.00","69,410,706.00","859,361,918.00","26,792,551.00",
88,67.0,,112.57,109.07,3.458,25951.667,5651.24836,128.5935898,175.5,251.3,0.0,,152.3,10.18,,,,,,222.6,,,,,,,,"1,289,962.00","30,288,462.00","80,611,689.00","190,567,343.00",,,,,,,,,,"65,416,376.00","20,731,877.00","118,628,600.00","178,729,898.00",,,,
64,,,59.37,58.76,2.229,27775.07922,4595.822622,73.67792099,157.9,234.3,204.6,,141.1,7.41,,,204.6,,,205.3,,,,,,,,"295,466.00","55,124,821.00","55,928,190.00",,,,,,,,,,,"47,843,891.00","11,149,560.00","80,477,604.00",,,,,
90,,,84.26,89.76,3.7,49247.8915,11953.51058,66.95649879,265.656,361.407,308.976,143.787,220.836,7.88,137.316,179.097,308.976,161.28,141.413,326.451,,"128,225,112.00",,"401,790,570.00","2,561,873.00",,"3,478,139.00","18,255,991.00","21,317,329.00",,"145,081,910.00","43,680,408.00",,"31,267,136.00","72,844,563.00",,"107,230,475.00","156,434,480.00",,"14,410,445.00",,,,"113,310,929.00","74,477,441.00",,"21,277,339.00",
104,78.0,75.75,96.54,101.61,3.487,40093.81709,9625.172763,83.91252828,215.0,302.8,238.4,107.4,185.9,3.91,104.8,130.2,238.4,124.1,109.2,274.9,,"114,744,453.00",,"247,556,849.00","5,220,282.00","10,215,837.00","2,771,693.00","3,003,984.00","57,706,343.00","58,912,372.00","157,739,399.00","29,940,836.00",,"18,360,074.00","54,459,039.00",,"114,919,942.00","70,343,821.00","57,640,111.00","9,561,996.00",,,"50,332,975.00","139,074,079.00","74,672,795.00",,"19,191,615.00",
78,,,73.05,73.23,2.952,26713.33524,4603.268577,98.63583994,158.3,238.7,202.5,,142.8,7.14,,,202.5,,,214.0,,,,,,,,"139,014.00","39,953,613.00","64,012,782.00",,,,,,,,,,,"37,875,029.00","14,784,129.00","57,815,709.00",,,,,
67,50.0,52.75,48.76,48.25,2.366,38539.19021,8845.557796,71.69654469,205.9,260.1,214.0,101.7,159.6,2.59,95.5,124.8,214.0,117.9,103.8,229.7,,"132,362,617.00","33,69,66,821","240,974,938.00","6,916,333.00","20,980,053.00","1,792,459.00","10,239,158.00","35,730,621.00","36,368,469.00","129,488,032.00","37,652,488.00","21,057,920.00","13,797,788.00","36,483,156.00","7,716,009.00","118,421,125.00","58,780,036.00","21,109,078.00","9,011,856.00",,,"75,128,927.00","126,674,204.00","55,237,644.00","479,480,837.00","16,335,833.00",
43,29.0,35.5,16.55,18.38,1.841,30740.32499,8630.680142,60.69937115,212.0,255.8,219.1,104.8,156.8,1.74,100.1,130.5,219.1,120.6,105.9,216.6,,"107,102,951.00",,"265,203,321.00","29,432,622.00","30,414,127.00","3,541,562.00","1,313,777.00","22,926,049.00",,"117,563,073.00","26,414,923.00","15,739,495.00",,"36,107,115.00",,"103,108,844.00","33,240,787.00","21,394,676.00","7,328,026.00",,,,"98,054,627.00","44,060,897.00","579,320,983.00","15,507,089.00",
72,49.5,57.0,48.48,50.33,2.391,41756.84472,9880.023522,98.60677858,208.3,274.1,229.7,103.3,169.0,3.15,102.2,126.9,229.7,122.2,107.6,245.8,,"93,204,912.00","38,19,02,571","208,458,336.00","6,874,394.00","20,768,473.00","4,553,413.00","2,631,294.00","39,301,180.00","43,151,140.00","130,404,272.00","43,935,300.00","20,118,728.00",,"44,560,733.00","5,870,131.00","103,305,700.00","56,552,299.00","27,095,512.00","12,209,958.00",,,"68,460,922.00","128,051,044.00","66,399,882.00","552,485,132.00","26,526,438.00",
68,51.0,,71.06,72.51,2.616,25798.11966,5517.974227,93.20470302,173.9,231.5,0.0,,142.5,3.14,,,,,,200.8,,,,,,,,"471,471.00","31,321,103.00","44,951,317.00","105,566,251.00",,,,,,,,,,"48,339,845.00","20,259,031.00","47,637,310.00","85,220,437.00",,,,
88,61.75,57.0,94.7,110.34,3.732,34937.82992,8960.154977,169.105622,197.2,283.1,0.0,102.9,179.8,2.43,,,,,102.8,252.1,"2,00,199","136,293,775.00",,"219,029,529.00","14,034,867.00",,"1,755,840.00","5,465,741.00","60,235,847.00","57,769,358.00","128,132,391.00","40,203,564.00","19,692,281.00","23,683,995.00","40,719,864.00",,"132,601,647.00","58,835,131.00",,"13,249,748.00","98,792,095.00","30,466,725.00","71,534,516.00","129,631,415.00","86,622,891.00","454,669,932.00","18,172,709.00",
100,,,114.84,122.71,4.929,48625.3061,11678.39442,94.02156298,259.227,380.764,304.147,138.381,231.26,7.7,135.578,171.388,304.147,159.5,140.297,352.112,,"93,980,358.00",,"448,242,158.00","3,730,391.00",,"3,219,451.00","25,440,416.00","33,113,508.00",,"178,815,228.00","54,885,455.00",,"51,288,189.00","67,153,906.00",,"112,939,262.00","135,751,826.00",,"19,460,519.00",,,,"170,543,424.00","101,189,454.00",,"28,424,045.00",
79,,,65.51,62.99,2.316,21382.50591,3396.870149,85.06757022,157.1,240.0,207.8,,143.4,8.69,,,207.8,,,216.8,,,,,,,,"113,132.00","22,141,953.00","40,607,976.00",,,,,,,,,,,"27,873,644.00","16,167,134.00","54,581,925.00",,,,,
32,,,20.74,20.28,1.114,8020.8,1529.5,28.33481371,142.3,141.2,123.1,,,2.32,,,123.1,,,122.9,,,,,,,,"121,983.00","9,768,270.00","13,577,908.00",,,,,,,,,,,"6,005,109.00","4,618,167.00","17,579,506.00",,,,,
100,71.5,69.75,100.54,109.08,3.344,41845.47213,13147.76382,114.9631229,204.4,289.2,231.9,104.7,177.9,3.68,102.4,126.7,231.9,117.7,103.6,260.2,,"130,608,582.00",,"204,281,995.00","15,501,214.00","21,143,870.00","1,495,113.00","3,996,308.00","63,336,077.00","52,225,269.00","124,977,665.00","40,374,649.00",,"28,751,228.00","45,124,725.00",,"126,518,771.00","39,912,648.00","37,920,486.00","16,561,717.00","79,168,020.00","52,624,471.00","79,098,237.00","155,436,738.00","77,393,392.00",,"19,534,323.00",
93,61.0,71.5,83.22,86.51,3.315,47846.86594,11475.20543,90.21055783,241.648,357.296,285.039,129.916,217.024,4.38,128.339,160.502,285.039,158.663,139.644,328.684,,"178,140,007.00",,"410,745,829.00","12,071,230.00",,"2,174,737.00","8,621,323.00","31,415,738.00",,"160,060,029.00","41,135,486.00","16,206,430.00","32,419,332.00","68,411,546.00",,"202,525,129.00","57,044,744.00",,"19,140,124.00",,,,"139,081,194.00","76,331,460.00","592,358,515.00","24,401,878.00",
104,74.0,71.75,103.59,106.77,3.611,40319.61835,9291.791064,91.57422306,215.1,300.2,238.4,107.6,184.5,4.05,104.8,130.2,238.4,124.2,109.4,272.0,,"113,522,545.00",,"264,648,208.00","7,162,650.00","24,022,262.00","3,736,388.00","3,089,686.00","50,404,427.00","61,457,708.00","131,251,784.00","42,165,070.00",,"17,401,422.00","52,882,147.00",,"112,140,507.00","64,561,498.00","63,627,816.00","9,039,371.00",,,"76,474,812.00","146,416,007.00","74,114,053.00",,"24,353,265.00",
97,62.5,68.75,108.5,117.25,4.222,47373.52158,13375.08689,98.30147205,250.917,357.628,288.808,130.33,217.315,4.9,129.695,161.015,288.808,155.066,136.842,328.095,,"171,481,945.00",,"484,272,027.00","11,616,153.00",,"4,979,994.00","20,459,693.00","34,374,258.00",,"195,164,436.00","60,393,065.00","35,871,626.00","43,315,112.00","75,654,793.00",,"195,510,706.00","86,926,434.00",,"17,048,929.00",,,,"186,689,633.00","89,253,817.00","722,657,877.00","27,688,871.00",
51,,,28.25,25.0,1.589,11521.85238,2121.94668,44.65828372,144.0,176.3,153.6,,,5.26,,,153.6,,,162.5,,,,,,,,"124,637.00","10,358,954.00","25,237,506.00",,,,,,,,,,,"12,992,131.00","6,690,397.00","26,554,495.00",,,,,
58,40.5,45.0,30.32,32.18,1.764,36066.89253,8080.515063,57.04050203,207.5,255.4,211.5,101.5,156.6,1.99,94.4,123.8,211.5,115.7,101.9,223.4,,"130,095,722.00","30,00,31,308","234,693,990.00","9,880,686.00","14,873,391.00","2,372,358.00","4,858,273.00","34,053,651.00","44,189,054.00","131,232,475.00","37,764,017.00",,"15,350,100.00","30,367,924.00","7,525,342.00","116,731,477.00","44,627,313.00","13,725,324.00","4,023,189.00",,,"65,695,167.00","109,359,155.00","61,082,407.00","379,131,625.00","17,146,533.00",
71,61.0,,63.46,67.21,3.146,25290.57444,5129.43674,107.4421205,166.8,230.0,192.9,,138.9,7.64,,,192.9,,,201.4,,,,,,,,"504,849.00","48,589,505.00","61,037,458.00",,,,,,,,,,,"71,403,356.00","15,372,122.00","91,613,613.00",,,,,
87,,,58.3,55.24,2.257,22426.12832,3807.491572,72.52950622,156.3,244.3,209.1,,145.5,10.3,,,209.1,,,222.9,,,,,,,,"124,214.00","14,691,957.00","39,845,520.00",,,,,,,,,,,"31,703,097.00","11,523,367.00","59,853,203.00",,,,,
67,59.0,,63.97,67.49,2.845,24241.52277,4703.951215,105.2448948,166.8,228.8,192.8,,138.3,7.6,,,192.8,,,199.0,,,,,,,,"509,896.00","33,233,675.00","61,650,186.00",,,,,,,,,,,"59,436,187.00","10,011,845.00","92,935,844.00",,,,,
47,32.0,39.25,29.21,32.01,2.234,19641.29759,7930.826696,68.37294574,211.6,268.6,217.4,105.3,164.7,1.79,99.5,130.9,217.4,117.4,103.7,231.9,,"107,598,247.00",,"318,866,830.00","19,779,001.00","17,321,417.00","2,847,539.00","2,175,264.00","20,016,432.00",,"137,755,475.00","31,589,575.00","21,531,912.00",,"40,834,224.00",,"112,131,741.00","48,872,486.00","26,101,025.00","7,311,571.00",,,,"110,410,699.00","51,446,593.00","664,645,129.00","17,251,474.00",
75,47.0,57.0,48.04,51.7,2.38,45782.31195,10825.46077,83.10234458,208.0,269.9,225.4,103.4,165.2,2.9,100.6,126.8,225.4,121.5,107.0,240.8,,"95,217,462.00","44,31,79,089","191,336,203.00","20,814,420.00","12,752,645.00","2,388,281.00","2,342,852.00","37,073,868.00","43,550,699.00","133,644,478.00","30,540,945.00","22,307,269.00",,"46,290,370.00","4,093,065.00","104,104,567.00","66,748,612.00","29,705,182.00","13,662,143.00",,,"51,591,638.00","134,319,459.00","63,248,735.00","606,415,197.00","24,430,387.00",
43,,,33.08,30.96,1.532,10611.6,1487.3,30.12777515,138.0,166.0,102.8,,,5.02,,,102.8,,,146.2,,,,,,,,"129,922.00","18,578,970.00","24,044,272.00",,,,,,,,,,,"8,885,054.00","6,294,415.00","34,828,414.00",,,,,
67,50.0,52.0,40.75,41.58,2.113,32920.20454,8679.668476,78.03742012,204.5,254.0,211.5,101.4,155.9,1.92,94.5,123.9,211.5,114.7,101.0,222.7,,"113,481,207.00","32,90,54,011","270,592,379.00","1,105,659.00","23,126,212.00","2,051,841.00","4,435,845.00","37,528,035.00","53,770,120.00","125,768,801.00","35,483,631.00","19,960,055.00","13,935,746.00","36,123,626.00","8,505,610.00","103,946,920.00","56,823,839.00","17,081,539.00","9,774,560.00",,,"69,438,588.00","123,970,851.00","60,413,161.00","529,298,039.00","15,645,290.00",
67,50.5,53.5,47.02,49.99,2.195,41633.92278,14508.08255,107.7455957,212.4,279.1,228.4,109.0,170.4,2.59,104.1,135.6,228.4,125.7,111.2,246.3,,"120,979,267.00",,"340,795,224.00","12,341,750.00","36,792,397.00",,"1,655,730.00","15,120,273.00",,"95,608,542.00","28,268,268.00","12,951,000.00",,"35,237,272.00",,"119,182,956.00","69,058,387.00","20,320,438.00",,,,,"82,139,286.00","56,064,328.00","633,618,600.00","13,403,707.00",
60,40.5,49.25,31.68,30.7,1.949,37126.43412,8208.886377,55.32699513,207.6,256.7,213.9,102.9,157.5,2.28,96.3,125.0,213.9,115.8,102.0,224.8,,"115,719,354.00","31,74,92,130","222,464,882.00","15,927,325.00","15,156,574.00","2,203,017.00","6,337,574.00","37,762,792.00","43,541,684.00","94,293,920.00","28,932,064.00",,"14,935,009.00","35,942,148.00","8,314,143.00","111,542,298.00","46,505,603.00","12,229,302.00","5,804,330.00",,,"64,262,354.00","106,714,506.00","56,903,383.00","433,583,338.00","16,020,962.00",
72,48.0,,75.82,72.77,2.551,29557.78287,6879.300033,106.6932994,175.6,233.4,0.0,,144.5,4.01,,,,,,200.4,,,,,,,,"749,315.00","39,429,448.00","44,600,541.00","125,427,728.00",,,,,,,,,,"55,580,302.00","27,096,869.00","76,653,154.00","91,482,174.00",,,,
50,,,32.15,29.81,1.479,13192.77926,3309.609238,56.46151739,150.3,164.8,144.9,,100.0,6.13,,,144.9,,,150.1,,,,,,,,"1,420,719.00","20,051,585.00","19,255,873.00",,,,,,,,,,,"12,601,747.00","5,652,974.00","27,931,017.00",,,,,
104,73.0,71.0,102.18,109.54,3.673,38188.13577,9220.161982,94.0184703,212.2,300.5,238.4,107.1,185.0,4.58,104.8,129.8,238.4,124.5,109.7,271.7,,"142,546,356.00",,"217,758,440.00","4,822,788.00","26,286,525.00","2,243,839.00","3,097,644.00","37,536,780.00","63,411,209.00","144,422,831.00","44,918,213.00",,"16,875,431.00","44,440,626.00",,"139,574,962.00","65,797,053.00","45,952,949.00","13,337,180.00",,,"71,978,739.00","126,882,618.00","72,003,351.00",,"24,013,196.00",
